-- MySQL dump 10.13  Distrib 8.0.32, for Linux (x86_64)
--
-- Host: localhost    Database: stepik_lesson
-- ------------------------------------------------------
-- Server version	8.0.32-0ubuntu0.22.04.2

/*!40101 SET @OLD_CHARACTER_SET_CLIENT=@@CHARACTER_SET_CLIENT */;
/*!40101 SET @OLD_CHARACTER_SET_RESULTS=@@CHARACTER_SET_RESULTS */;
/*!40101 SET @OLD_COLLATION_CONNECTION=@@COLLATION_CONNECTION */;
/*!50503 SET NAMES utf8mb4 */;
/*!40103 SET @OLD_TIME_ZONE=@@TIME_ZONE */;
/*!40103 SET TIME_ZONE='+00:00' */;
/*!40014 SET @OLD_UNIQUE_CHECKS=@@UNIQUE_CHECKS, UNIQUE_CHECKS=0 */;
/*!40014 SET @OLD_FOREIGN_KEY_CHECKS=@@FOREIGN_KEY_CHECKS, FOREIGN_KEY_CHECKS=0 */;
/*!40101 SET @OLD_SQL_MODE=@@SQL_MODE, SQL_MODE='NO_AUTO_VALUE_ON_ZERO' */;
/*!40111 SET @OLD_SQL_NOTES=@@SQL_NOTES, SQL_NOTES=0 */;

--
-- Table structure for table `keyword`
--

DROP TABLE IF EXISTS `keyword`;
/*!40101 SET @saved_cs_client     = @@character_set_client */;
/*!50503 SET character_set_client = utf8mb4 */;
CREATE TABLE `keyword` (
  `keyword_id` int NOT NULL AUTO_INCREMENT,
  `keyword_name` varchar(16) DEFAULT NULL,
  PRIMARY KEY (`keyword_id`)
) ENGINE=InnoDB AUTO_INCREMENT=35 DEFAULT CHARSET=utf8mb4 COLLATE=utf8mb4_0900_ai_ci;
/*!40101 SET character_set_client = @saved_cs_client */;

--
-- Dumping data for table `keyword`
--

LOCK TABLES `keyword` WRITE;
/*!40000 ALTER TABLE `keyword` DISABLE KEYS */;
INSERT INTO `keyword` VALUES (1,'SELECT'),(2,'FROM'),(3,'INNER'),(4,'LEFT'),(5,'RIGHT'),(6,'OUTER'),(7,'JOIN'),(8,'CROSS'),(9,'ON'),(10,'WHERE'),(11,'HAVING'),(12,'GROUP BY'),(13,'ORDER BY'),(14,'if'),(15,'SUM'),(16,'AVG'),(17,'COUNT'),(18,'MIN'),(19,'MAX'),(20,'ROUND'),(21,'LEFT'),(22,'CONCAT'),(23,'DATEDIFF'),(24,'MONTHNAME'),(25,'YEAR'),(26,'USING'),(27,'UNION'),(28,'ALL'),(29,'ANY'),(30,'IN'),(31,'LIKE'),(32,'BETWEEN'),(33,'AND'),(34,'OR');
/*!40000 ALTER TABLE `keyword` ENABLE KEYS */;
UNLOCK TABLES;

--
-- Table structure for table `lesson`
--

DROP TABLE IF EXISTS `lesson`;
/*!40101 SET @saved_cs_client     = @@character_set_client */;
/*!50503 SET character_set_client = utf8mb4 */;
CREATE TABLE `lesson` (
  `lesson_id` int NOT NULL AUTO_INCREMENT,
  `lesson_name` varchar(64) DEFAULT NULL,
  `module_id` int DEFAULT NULL,
  `lesson_position` int DEFAULT NULL,
  PRIMARY KEY (`lesson_id`),
  KEY `module_id` (`module_id`),
  CONSTRAINT `lesson_ibfk_1` FOREIGN KEY (`module_id`) REFERENCES `module` (`module_id`) ON DELETE CASCADE
) ENGINE=InnoDB AUTO_INCREMENT=17 DEFAULT CHARSET=utf8mb4 COLLATE=utf8mb4_0900_ai_ci;
/*!40101 SET character_set_client = @saved_cs_client */;

--
-- Dumping data for table `lesson`
--

LOCK TABLES `lesson` WRITE;
/*!40000 ALTER TABLE `lesson` DISABLE KEYS */;
INSERT INTO `lesson` VALUES (1,'Отношение(таблица)',1,1),(2,'Выборка данных',1,2),(3,'Таблица \"Командировки\", запросы на выборку',1,6),(4,'Вложенные запросы',1,4),(5,'Запросы, групповые операции',1,3),(6,'Запросы корректировки данных',1,5),(7,'Таблица \"Нарушение ПДД\", запросы корректировки',1,7),(8,'Связи между таблицами',2,1),(9,'Запросы на выборку, соединение таблиц',2,2),(10,'Запросы корректировки, соединение таблиц',2,3),(11,'База данных \"Интернет-магазин книг\", запросы на выборку',2,4),(12,'База данных \"Интернет-магазин книг\", запросы корректировки',2,5),(13,'База данных \"Абитуриент\", запросы на выборку',3,3),(14,'База данных \"Абитуриент\", запросы корректировки',3,4),(15,'База данных \"Тестирование\", запросы на выборку',3,1),(16,'База данных \"Тестирование\", запросы корректировки',3,2);
/*!40000 ALTER TABLE `lesson` ENABLE KEYS */;
UNLOCK TABLES;

--
-- Table structure for table `module`
--

DROP TABLE IF EXISTS `module`;
/*!40101 SET @saved_cs_client     = @@character_set_client */;
/*!50503 SET character_set_client = utf8mb4 */;
CREATE TABLE `module` (
  `module_id` int NOT NULL AUTO_INCREMENT,
  `module_name` varchar(64) DEFAULT NULL,
  PRIMARY KEY (`module_id`)
) ENGINE=InnoDB AUTO_INCREMENT=4 DEFAULT CHARSET=utf8mb4 COLLATE=utf8mb4_0900_ai_ci;
/*!40101 SET character_set_client = @saved_cs_client */;

--
-- Dumping data for table `module`
--

LOCK TABLES `module` WRITE;
/*!40000 ALTER TABLE `module` DISABLE KEYS */;
INSERT INTO `module` VALUES (1,'Основы реляционной модели и SQL'),(2,'Запросы SQL к связанным таблицам'),(3,'Базы данных и SQL запросы');
/*!40000 ALTER TABLE `module` ENABLE KEYS */;
UNLOCK TABLES;

--
-- Table structure for table `step`
--

DROP TABLE IF EXISTS `step`;
/*!40101 SET @saved_cs_client     = @@character_set_client */;
/*!50503 SET character_set_client = utf8mb4 */;
CREATE TABLE `step` (
  `step_id` int NOT NULL AUTO_INCREMENT,
  `step_name` varchar(255) DEFAULT NULL,
  `step_type` varchar(16) DEFAULT NULL,
  `lesson_id` int DEFAULT NULL,
  `step_position` int DEFAULT NULL,
  PRIMARY KEY (`step_id`),
  KEY `lesson_id` (`lesson_id`),
  CONSTRAINT `step_ibfk_1` FOREIGN KEY (`lesson_id`) REFERENCES `lesson` (`lesson_id`) ON DELETE CASCADE
) ENGINE=InnoDB AUTO_INCREMENT=164 DEFAULT CHARSET=utf8mb4 COLLATE=utf8mb4_0900_ai_ci;
/*!40101 SET character_set_client = @saved_cs_client */;

--
-- Dumping data for table `step`
--

LOCK TABLES `step` WRITE;
/*!40000 ALTER TABLE `step` DISABLE KEYS */;
INSERT INTO `step` VALUES (1,'Структура уроков курса','text',1,1),(2,'Содержание урока','text',1,2),(3,'Реляционная модель, основные положения','table',1,3),(4,'Отношение, реляционная модель','choice',1,4),(5,'Выбор типов данных для полей','matching',1,5),(6,'Создание таблицы','sql',1,6),(7,'Вставка записи в таблицу','sql',1,7),(8,'Задание, вставка записей','sql',1,8),(9,'Содержание урока','text',2,1),(10,'Выборка всех данных из таблицы','sql',2,2),(11,'Выборка отдельных столбцов','sql',2,3),(12,'Выборка отдельных столбцов и присвоение им новых имен','sql',2,4),(13,'Выборка данных с созданием вычисляемого столбца','sql',2,5),(14,'Выборка данных, вычисляемые столбцы, математические функции','sql',2,6),(15,'Выборка данных, вычисляемые столбцы, логические функции','sql',2,7),(16,'Выборка данных по условию','sql',2,8),(17,'Выборка данных, логические операции','sql',2,9),(18,'Выборка данных, операторы BETWEEN, IN','sql',2,10),(19,'Выборка данных, оператор LIKE','sql',2,11),(20,'Выборка данных с сортировкой','sql',2,12),(21,'Запросы пользователей','sql',2,13),(22,'Содержание урока','text',3,1),(23,'Задание. Вывести информацию о командировках тех сотрудников, фамилия которых заканчивается на букву «а»','sql',3,2),(24,'Задание. Вывести в алфавитном порядке фамилии, имена и отчества тех сотрудников, которые были в командировке в Москве','sql',3,3),(25,'Задание. Для каждого города посчитать, сколько раз сотрудники в нем были','sql',3,4),(26,'Задание. Вывести два города, в которых чаще всего были в командировках сотрудники','sql',3,5),(27,'Задание. Вывести информацию о длительности командировок сотрудников','sql',3,6),(28,'Задание. Вывести информацию о командировках сотрудника(ов), которые были самыми короткими по времени','sql',3,7),(29,'Задание. Вывести информацию о командировках, начало и конец которых относятся к одному месяцу','sql',3,8),(30,'Задание. Вывести номер месяца и количество командировок, первый день которых приходился на этот месяц','sql',3,9),(31,'Задание. Вывести сумму суточных  для командировок сотрудников','sql',3,10),(32,'Задание. Вывести фамилию с инициалами и общую сумму суточных, полученных за все командировки для тех сотрудников, которые были в командировках больше чем 3 раза','sql',3,11),(33,'Содержание урока','text',4,1),(34,'Вложенный запрос, возвращающий одно значение','sql',4,2),(35,'Использование вложенного запроса в выражении','sql',4,3),(36,'Вложенный запрос, оператор IN','sql',4,4),(37,'Вложенный запрос, операторы ANY и ALL','sql',4,5),(38,'Вложенный запрос после SELECT','sql',4,6),(39,'Запросы пользователей','sql',4,7),(40,'Содержание урока','text',5,1),(41,'Выбор различных элементов столбца','sql',5,2),(42,'Выборка данных, групповые функции SUM и COUNT','sql',5,3),(43,'Выборка данных, групповые функции MIN, MAX и AVG','sql',5,4),(44,'Выборка данных c вычислением, групповые функции','sql',5,5),(45,'Вычисления по таблице целиком','sql',5,6),(46,'Выборка данных по условию, групповые функции','sql',5,7),(47,'Выборка данных по условию, групповые функции, WHERE и HAVING','sql',5,8),(48,'Запросы пользователей','sql',5,9),(49,'Содержание урока','text',6,1),(50,'Создание пустой таблицы','sql',6,2),(51,'Добавление записей в таблицу','sql',6,3),(52,'Добавление записей из другой таблицы','sql',6,4),(53,'Добавление записей, вложенные запросы','sql',6,5),(54,'Запросы на обновление','sql',6,6),(55,'Запросы на обновление нескольких столбцов','sql',6,7),(56,'Запросы на обновление, несколько таблиц','sql',6,8),(57,'Запросы на удаление','sql',6,9),(58,'Запросы на создание таблицы','sql',6,10),(59,'Запросы пользователей','sql',6,11),(60,'Содержание урока','text',7,1),(61,'Задание. Создать таблицу с информацией о штрафах','sql',7,2),(62,'Задание. Заполнить таблицу с информацией о штрафах','sql',7,3),(63,'Задание. Занести сумму штрафа за каждое новое нарушение ПДД','sql',7,4),(64,'Задание. Сумма штрафа за повторное нарушение, чать 1','sql',7,5),(65,'Задание. Сума штрафа за повторное нарушение, часть 2','sql',7,6),(66,'Задание. Уменьшение штрафа за оплату во время','sql',7,7),(67,'Задание. Создание таблицы с информацией о неоплаченных штрафах','sql',7,8),(68,'Задание. Удаление нарушений, совершенных раньше некоторой даты','sql',7,9),(69,'Содержание урока','text',8,1),(70,'Связь «один ко многим»','sorting',8,2),(71,'Связь «многие ко многим»','sorting',8,3),(72,'Задание. Определить тип связей между таблицами','fill-blanks',8,4),(73,'Задание. Выбор подходящих схем','choice',8,5),(74,'Задание. Создание таблицы author','sql',8,6),(75,'Задание. Заполнение таблицы author','sql',8,7),(76,'Создание таблицы с внешними ключами','sql',8,8),(77,'Действия при удалении записи главной таблицы','sql',8,9),(78,'Заполнение таблицы с внешними ключами','fill-blanks',8,10),(79,'Задание. Добавление новых записей','sql',8,11),(80,'Содержание урока','text',9,1),(81,'Соединение INNER JOIN','sql',9,2),(82,'Внешнее соединение LEFT и RIGHT OUTER JOIN','sql',9,3),(83,'Перекрестное соединение CROSS JOIN','sql',9,4),(84,'Запросы на выборку из нескольких таблиц','sql',9,5),(85,'Запросы для нескольких таблиц с группировкой','sql',9,6),(86,'Запросы для нескольких таблиц со вложенными запросами','sql',9,7),(87,'Вложенные запросы в операторах соединения','sql',9,8),(88,'Операция соединение, использование USING()','sql',9,9),(89,'Запросы пользователей','sql',9,10),(90,'Содержание урока','text',10,1),(91,'Запросы на обновление, связанные таблицы','sql',10,2),(92,'Запросы на добавление, связанные таблицы','sql',10,3),(93,'Запрос на добавление, связанные таблицы','sql',10,4),(94,'Запрос на обновление, вложенные запросы','sql',10,5),(95,'Каскадное удаление записей связанных таблиц','sql',10,6),(96,'Удаление записей главной таблицы с сохранением записей в зависимой','sql',10,7),(97,'Удаление записей, использование связанных таблиц','sql',10,8),(98,'Запросы пользователей','sql',10,9),(99,'Предметная область','text',11,1),(100,'Проектирование концептуальной модели базы данных','choice',11,2),(101,'Построение логической схемы базы данных','matching',11,3),(102,'Логическая модель базы данных','text',11,4),(103,'Запросы на основе трех и более связанных таблиц','sql',11,5),(104,'Задание. Посчитать, сколько раз была заказана каждая книга','sql',11,6),(105,'Задание. Вывести города, в которых живут клиенты магазина','sql',11,7),(106,'Задание. Вывести информацию об оплате каждого заказа','sql',11,8),(107,'Задание. Вывести подробную информацию о каждом заказе','sql',11,9),(108,'Задание. Вывести информацию о движении каждого заказа','sql',11,10),(109,'Задание. Вывести заказы, доставленные с опозданием','sql',11,11),(110,'Задание. Вывести клиентов, которые заказывали книги определенного автора','sql',11,12),(111,'Задание. Вывести самый популярный жанр','sql',11,13),(112,'Задание. Работа с архивной таблицей, оператор UNION, часть 1','sql',11,14),(113,'Задание. Работа с архивной таблицей, оператор UNION, часть 2','sql',11,15),(114,'Запросы пользователей','sql',11,16),(115,'Содержание урока','text',12,1),(116,'Задание. Включение нового клиента в базу данных','sql',12,2),(117,'Задание. Формирование нового заказа некоторым пользователем','sql',12,3),(118,'Задание. Включение в заказ одной или нескольких книг с указанием их количества','sql',12,4),(119,'Задание. Уменьшение количества книг на складе','sql',12,5),(120,'Задание. Создание счета на оплату полный счет','sql',12,6),(121,'Задание. Создание счета на оплату итоговый счет','sql',12,7),(122,'Задание. Добавление этапов продвижения заказа','sql',12,8),(123,'Задание. Фиксация дат прохождения каждого этапа заказа, начало этапа','sql',12,9),(124,'Задание. Фиксация дат прохождения каждого этапа заказа, завершение этапа','sql',12,10),(125,'Запросы пользователей','sql',12,11),(126,'Предметная область','text',13,1),(127,'Задание. Вывести абитуриентов, которые хотят поступать на определенную образовательную программу','sql',13,2),(128,'Задание.  Вывести образовательные программы, на которые для поступления необходим определенный предмет ЕГЭ','sql',13,3),(129,'Задание. Вывести статистическую информацию по каждому предмету  ЕГЭ','sql',13,4),(130,'Задание. Вывести образовательные программы, минимальные баллы по каждому предмету которых, превышают заданное значение','sql',13,5),(131,'Задание. Вывести образовательные программы. которые имеют самый большой план набора','sql',13,6),(132,'Задание. Посчитать, сколько дополнительных баллов получит каждый студент','sql',13,7),(133,'Задание. Посчитать конкурс на каждую образовательную программу','sql',13,8),(134,'Задание. Вывести образовательные программы, на которые для поступления необходимы два определенных предмета ЕГЭ','sql',13,9),(135,'Задание. Посчитать количество баллов каждого абитуриента на каждую образовательную программу по результатам ЕГЭ','sql',13,10),(136,'Задание. Вывести студентов, которые не могут быть зачислены на образовательную программу','sql',13,11),(137,'Запросы пользователей','sql',13,12),(138,'Содержание урока','text',14,1),(139,'Задание. Создание таблицы с суммой баллов абитуриентов по предметам ЕГЭ в соответствии с поданными заявлениями','sql',14,2),(140,'Задание. Удаление абитуриентов, не набравших минимального балла','sql',14,3),(141,'Задание. Подсчет и добавление бонусных баллов','sql',14,4),(142,'Задание. Сортировка абитуриентов по набранным баллам','sql',14,5),(143,'Задание. Формирование списка рекомендованных к зачислению, втавка столбца для нумерации','sql',14,6),(144,'Задание. Формирование списка рекомендованных к зачислению, нумерация абитуриентов по каждой образовательной программе','sql',14,7),(145,'Задание. Формирование списка рекомендованных к зачислению, отбор лучших в соответсвии с планом','sql',14,8),(146,'Запросы пользователей','sql',14,9),(147,'Предметная область','text',15,1),(148,'Задание. Вывести студентов, которые сдавали определенную дисциплину','sql',15,2),(149,'Задание. Вывести количество попыток и средний результат по каждой дисциплине','sql',15,3),(150,'Задание. Вывести студента (студентов), которые набрали максимальный результат при тестировании','sql',15,4),(151,'Задание. Если студент совершал несколько попыток по одной и той же дисциплине, то вывести разницу в днях между первой и последней попыткой','sql',15,5),(152,'Задание. Вывести количество студентов, которые проходили тестирование по каждой дисциплине','sql',15,6),(153,'Задание. Случайным образом отобрать 3 вопроса по определенной дисциплине','sql',15,7),(154,'Задание. Вывести вопросы, на которые отвечал определенный студент в определенной попытке, ответ студента и результат (правильно или нет)','sql',15,8),(155,'Задание. Посчитать результаты тестирования для всех попыток','sql',15,9),(156,'Задание. Для каждого вопроса вывести процент успешных решений и общее количество ответов','sql',15,10),(157,'Запросы пользователей','sql',15,11),(158,'Содержание урока','text',16,1),(159,'Задание. Добавление новой попытки для определенного студента и определенной дисциплины','sql',16,2),(160,'Задание. Формирование тестовых вопросов для этой попытки','sql',16,3),(161,'Задание. Вычисление результата тестирования','sql',16,4),(162,'Задание. Удаление неактуальных попыток','sql',16,5),(163,'Запросы пользователей','sql',16,6);
/*!40000 ALTER TABLE `step` ENABLE KEYS */;
UNLOCK TABLES;

--
-- Table structure for table `step_keyword`
--

DROP TABLE IF EXISTS `step_keyword`;
/*!40101 SET @saved_cs_client     = @@character_set_client */;
/*!50503 SET character_set_client = utf8mb4 */;
CREATE TABLE `step_keyword` (
  `step_id` int NOT NULL,
  `keyword_id` int NOT NULL,
  PRIMARY KEY (`step_id`,`keyword_id`),
  KEY `keyword_id` (`keyword_id`),
  CONSTRAINT `step_keyword_ibfk_1` FOREIGN KEY (`step_id`) REFERENCES `step` (`step_id`) ON DELETE CASCADE,
  CONSTRAINT `step_keyword_ibfk_2` FOREIGN KEY (`keyword_id`) REFERENCES `keyword` (`keyword_id`) ON DELETE CASCADE
) ENGINE=InnoDB DEFAULT CHARSET=utf8mb4 COLLATE=utf8mb4_0900_ai_ci;
/*!40101 SET character_set_client = @saved_cs_client */;

--
-- Dumping data for table `step_keyword`
--

LOCK TABLES `step_keyword` WRITE;
/*!40000 ALTER TABLE `step_keyword` DISABLE KEYS */;
INSERT INTO `step_keyword` VALUES (38,1),(81,3),(82,4),(82,5),(82,6),(81,7),(82,7),(83,7),(83,8),(47,10),(47,11),(42,15),(43,16),(42,17),(43,18),(43,19),(82,21),(88,26),(112,27),(113,27),(37,28),(37,29),(18,30),(36,30),(19,31),(18,32);
/*!40000 ALTER TABLE `step_keyword` ENABLE KEYS */;
UNLOCK TABLES;

--
-- Table structure for table `step_student`
--

DROP TABLE IF EXISTS `step_student`;
/*!40101 SET @saved_cs_client     = @@character_set_client */;
/*!50503 SET character_set_client = utf8mb4 */;
CREATE TABLE `step_student` (
  `step_student_id` int NOT NULL AUTO_INCREMENT,
  `step_id` int DEFAULT NULL,
  `student_id` int DEFAULT NULL,
  `attempt_time` int DEFAULT NULL,
  `submission_time` int DEFAULT NULL,
  `result` varchar(16) DEFAULT NULL,
  PRIMARY KEY (`step_student_id`),
  KEY `step_id` (`step_id`),
  KEY `student_id` (`student_id`),
  CONSTRAINT `step_student_ibfk_1` FOREIGN KEY (`step_id`) REFERENCES `step` (`step_id`) ON DELETE CASCADE,
  CONSTRAINT `step_student_ibfk_2` FOREIGN KEY (`student_id`) REFERENCES `student` (`student_id`) ON DELETE CASCADE
) ENGINE=InnoDB AUTO_INCREMENT=2245 DEFAULT CHARSET=utf8mb4 COLLATE=utf8mb4_0900_ai_ci;
/*!40101 SET character_set_client = @saved_cs_client */;

--
-- Dumping data for table `step_student`
--

LOCK TABLES `step_student` WRITE;
/*!40000 ALTER TABLE `step_student` DISABLE KEYS */;
INSERT INTO `step_student` VALUES (1,10,52,1598291444,1598291490,'correct'),(2,10,11,1593291995,1593292031,'correct'),(3,10,19,1591017571,1591017743,'correct'),(4,10,4,1590254781,1590254800,'correct'),(5,10,5,1590264910,1590264939,'correct'),(6,10,53,1594454339,1594454492,'correct'),(7,10,53,1594448239,1594448924,'correct'),(8,10,39,1590925800,1590925841,'correct'),(9,10,32,1593808694,1593808736,'correct'),(10,10,61,1598538033,1598538134,'correct'),(11,10,43,1594925266,1594925376,'correct'),(12,10,13,1594243957,1594243987,'correct'),(13,10,57,1596167279,1596167486,'correct'),(14,10,45,1588604286,1588604677,'correct'),(15,10,47,1588146623,1588146674,'correct'),(16,10,62,1599755410,1599755412,'correct'),(17,10,49,1594397101,1594397156,'correct'),(18,10,27,1596576198,1596576231,'correct'),(19,10,21,1594965956,1594966012,'correct'),(20,10,6,1599020736,1599020783,'correct'),(21,10,15,1589872210,1589872231,'correct'),(22,10,20,1590501106,1590501155,'correct'),(23,10,62,1599755380,1599755403,'wrong'),(24,10,17,1595573464,1595573524,'correct'),(25,10,31,1591960932,1591970356,'correct'),(26,10,1,1591005200,1591005249,'wrong'),(27,10,3,1590596724,1590596801,'correct'),(28,10,23,1589344136,1589344154,'correct'),(29,10,26,1597121897,1597121935,'correct'),(30,10,23,1589344058,1589344061,'wrong'),(31,10,36,1596490169,1596490204,'correct'),(32,10,22,1589673441,1589673457,'correct'),(33,10,60,1598960296,1598960465,'correct'),(34,10,37,1589216858,1589218139,'correct'),(35,10,48,1599661759,1599662110,'correct'),(36,10,12,1595092472,1595092489,'correct'),(37,10,11,1593292038,1593292058,'wrong'),(38,10,56,1594807554,1594807618,'correct'),(39,10,44,1590500020,1590500049,'correct'),(40,10,34,1598361082,1598361114,'correct'),(41,10,55,1594481026,1594481031,'correct'),(42,10,59,1597683482,1597683510,'correct'),(43,10,33,1588269420,1588269736,'correct'),(44,10,11,1593292068,1593292074,'correct'),(45,10,55,1594480793,1594481023,'wrong'),(46,10,16,1590167844,1590168408,'correct'),(47,10,54,1599820806,1599821166,'correct'),(48,10,1,1591005277,1591005284,'correct'),(49,10,38,1588684002,1588684080,'correct'),(50,10,10,1592892270,1592892292,'correct'),(51,10,2,1587785264,1587785349,'correct'),(52,10,50,1593503931,1593503943,'correct'),(53,10,50,1593503653,1593503905,'wrong'),(54,10,41,1599550290,1599550296,'correct'),(55,10,30,1596998109,1596998180,'correct'),(56,10,50,1593503917,1593503928,'wrong'),(57,10,40,1587960104,1587960213,'wrong'),(58,10,64,1600053042,1600053051,'correct'),(59,10,8,1594200484,1594200587,'correct'),(60,10,51,1599115483,1599115509,'correct'),(61,10,46,1590439085,1590439339,'correct'),(62,10,29,1594034698,1594039418,'correct'),(63,10,64,1600052902,1600052989,'wrong'),(64,10,28,1588357731,1588357781,'correct'),(65,10,18,1587093453,1587093468,'correct'),(66,10,35,1592502117,1592502406,'correct'),(67,10,14,1595336234,1595347683,'correct'),(68,10,40,1587960245,1587960250,'correct'),(69,10,58,1595930170,1595930279,'correct'),(70,10,41,1599489782,1599550210,'wrong'),(71,10,42,1597043534,1597043610,'correct'),(72,10,63,1599666922,1599667054,'correct'),(73,10,7,1598881052,1598881092,'correct'),(74,10,9,1588169179,1588169534,'correct'),(75,10,24,1586370345,1586370591,'correct'),(76,10,25,1598260080,1598260132,'correct'),(77,11,50,1593503951,1593504013,'correct'),(78,11,11,1593292076,1593292134,'correct'),(79,11,28,1588357785,1588357866,'correct'),(80,11,64,1600053064,1600053112,'correct'),(81,11,54,1599821182,1599821623,'correct'),(82,11,33,1588269744,1588269796,'correct'),(83,11,16,1590168414,1590232183,'correct'),(84,11,45,1588604681,1588661163,'correct'),(85,11,3,1590648103,1590648110,'correct'),(86,11,38,1588684085,1588684192,'correct'),(87,11,39,1590925843,1590925926,'correct'),(88,11,40,1587960104,1588010549,'correct'),(89,11,19,1591017746,1591017871,'correct'),(90,11,51,1599115512,1599115543,'correct'),(91,11,2,1587785363,1587785725,'correct'),(92,11,23,1589344082,1589344085,'wrong'),(93,11,41,1599550300,1599550390,'correct'),(94,11,42,1597043616,1597043790,'correct'),(95,11,36,1596490213,1596490246,'correct'),(96,11,23,1589344158,1589344169,'wrong'),(97,11,22,1589673505,1589673518,'correct'),(98,11,22,1589673461,1589673485,'wrong'),(99,11,12,1595092491,1595092501,'wrong'),(100,11,14,1595347696,1595347845,'wrong'),(101,11,48,1599662113,1599662211,'correct'),(102,11,43,1594925277,1594927074,'wrong'),(103,11,55,1594481089,1594481189,'wrong'),(104,11,60,1598960467,1598960534,'correct'),(105,11,25,1598260135,1598260180,'correct'),(106,11,34,1598361117,1598361144,'correct'),(107,11,46,1590439347,1590439438,'correct'),(108,11,10,1592892294,1592892325,'wrong'),(109,11,56,1594807621,1594807677,'correct'),(110,11,37,1589218141,1589218182,'correct'),(111,11,23,1589344179,1589344198,'correct'),(112,11,3,1590648058,1590648098,'wrong'),(113,11,55,1594481195,1594481251,'correct'),(114,11,14,1595347860,1595347873,'correct'),(115,11,43,1594927081,1594927132,'correct'),(116,11,7,1598881109,1598881164,'correct'),(117,11,4,1590254804,1590254855,'correct'),(118,11,52,1598291497,1598291559,'correct'),(119,11,57,1596167385,1596167613,'correct'),(120,11,10,1592892341,1592892354,'correct'),(121,11,58,1595930297,1595930422,'correct'),(122,11,27,1596576234,1596576264,'correct'),(123,11,62,1599755433,1599755858,'wrong'),(124,11,26,1597121949,1597122006,'correct'),(125,11,21,1594966020,1594966085,'correct'),(126,11,44,1590500052,1590500119,'correct'),(127,11,15,1589873579,1589873591,'correct'),(128,11,31,1591970360,1591970633,'correct'),(129,11,62,1599755877,1599755879,'wrong'),(130,11,62,1599755881,1599755889,'correct'),(131,11,47,1588146730,1588146759,'correct'),(132,11,63,1599667115,1599667339,'correct'),(133,11,18,1587093544,1587093553,'correct'),(134,11,6,1599020754,1599103384,'correct'),(135,11,20,1590501168,1590501209,'correct'),(136,11,49,1594397646,1594397677,'correct'),(137,11,35,1592502422,1592502740,'correct'),(138,11,17,1595573528,1595573606,'wrong'),(139,11,17,1595573614,1595573629,'correct'),(140,11,30,1596998195,1596998804,'correct'),(141,11,13,1594243989,1594244036,'correct'),(142,11,1,1591005303,1591005383,'correct'),(143,11,8,1594200590,1594200711,'correct'),(144,11,15,1589873568,1589873574,'wrong'),(145,11,9,1588169545,1588172397,'correct'),(146,11,53,1594448425,1594449248,'wrong'),(147,11,61,1598538142,1598538233,'correct'),(148,11,53,1594449280,1594449339,'correct'),(149,11,53,1594454595,1594454624,'correct'),(150,11,47,1588146686,1588146719,'wrong'),(151,11,12,1595092515,1595092526,'correct'),(152,11,15,1589872235,1589873556,'wrong'),(153,11,5,1590264944,1590265008,'correct'),(154,11,59,1597683515,1597683586,'correct'),(155,11,49,1594397120,1594397201,'wrong'),(156,11,29,1594039423,1594039646,'correct'),(157,11,24,1586370646,1586370652,'correct'),(158,11,53,1594454581,1594454588,'wrong'),(159,11,32,1593808738,1593812675,'correct'),(160,11,24,1586370595,1586370639,'wrong'),(161,11,53,1594454348,1594454558,'wrong'),(162,12,57,1596169391,1596169476,'correct'),(163,12,47,1588146766,1588146842,'correct'),(164,12,57,1596167498,1596169365,'wrong'),(165,12,58,1595930432,1595930880,'correct'),(166,12,23,1589344200,1589344207,'correct'),(167,12,24,1586370654,1586370903,'correct'),(168,12,53,1594454726,1594454767,'correct'),(169,12,46,1590439464,1590439786,'correct'),(170,12,8,1594200714,1594201054,'correct'),(171,12,53,1594448936,1594449744,'correct'),(172,12,17,1595573666,1595576717,'correct'),(173,12,6,1599103335,1599103457,'correct'),(174,12,20,1590501220,1590501308,'correct'),(175,12,18,1587093556,1587093569,'correct'),(176,12,7,1598881340,1598881378,'correct'),(177,12,7,1598881167,1598881289,'wrong'),(178,12,21,1594966107,1594966321,'correct'),(179,12,9,1588172402,1588174311,'correct'),(180,12,10,1592892437,1592892448,'correct'),(181,12,40,1587960104,1588010607,'wrong'),(182,12,40,1588010624,1588010639,'correct'),(183,12,51,1599115546,1599115698,'correct'),(184,12,41,1599550396,1599550616,'correct'),(185,12,19,1591017875,1591018312,'correct'),(186,12,50,1593504640,1593506573,'correct'),(187,12,42,1597043795,1597044024,'correct'),(188,12,7,1598881302,1598881333,'wrong'),(189,12,4,1590254859,1590255403,'correct'),(190,12,37,1589218184,1589218237,'correct'),(191,12,56,1594807680,1594807826,'correct'),(192,12,48,1599662214,1599663114,'correct'),(193,12,55,1594482063,1594482297,'correct'),(194,12,55,1594481343,1594481928,'wrong'),(195,12,55,1594481962,1594482053,'wrong'),(196,12,54,1599821630,1599823120,'correct'),(197,12,49,1594397162,1594397776,'correct'),(198,12,16,1590232190,1590232271,'correct'),(199,12,36,1596490253,1596523403,'correct'),(200,12,25,1598260333,1598260338,'correct'),(201,12,5,1590265013,1590265143,'correct'),(202,12,53,1594454355,1594454710,'wrong'),(203,12,22,1589673521,1589673559,'correct'),(204,12,39,1590925928,1590926029,'correct'),(205,12,52,1598291568,1598291661,'correct'),(206,12,10,1592892359,1592892429,'wrong'),(207,12,38,1588684195,1588684520,'correct'),(208,12,62,1599756605,1599756640,'correct'),(209,12,32,1593812678,1593812937,'correct'),(210,12,34,1598361147,1598361215,'correct'),(211,12,29,1594039650,1594128475,'correct'),(212,12,15,1589873604,1589873674,'correct'),(213,12,61,1598538240,1598538521,'correct'),(214,12,63,1599667730,1599668658,'correct'),(215,12,2,1587785727,1587785787,'correct'),(216,12,64,1600053835,1600053845,'correct'),(217,12,30,1596998808,1596998988,'correct'),(218,12,44,1590500124,1590500350,'correct'),(219,12,62,1599756508,1599756529,'correct'),(220,12,60,1598960535,1598961117,'correct'),(221,12,62,1599755903,1599756449,'wrong'),(222,12,27,1596576266,1596576350,'correct'),(223,12,12,1595092531,1595092555,'correct'),(224,12,31,1591970637,1591971187,'correct'),(225,12,26,1597122015,1597122108,'correct'),(226,12,3,1590765885,1590765968,'correct'),(227,12,43,1594927336,1594927346,'correct'),(228,12,14,1595347881,1595348120,'correct'),(229,12,59,1597683590,1597683959,'correct'),(230,12,11,1593292138,1593292499,'correct'),(231,12,35,1592502821,1592503441,'correct'),(232,12,45,1588661678,1588661946,'correct'),(233,12,1,1591005393,1591005481,'correct'),(234,12,33,1588269801,1588269901,'correct'),(235,12,64,1600053124,1600053826,'wrong'),(236,12,43,1594925276,1594927328,'wrong'),(237,12,13,1594244043,1594244153,'correct'),(238,12,45,1588661165,1588661561,'wrong'),(239,12,25,1598260183,1598260311,'wrong'),(240,12,28,1588357875,1588357966,'correct'),(241,13,38,1588684690,1588684709,'correct'),(242,13,17,1595579706,1595580477,'correct'),(243,13,43,1594927022,1594929031,'wrong'),(244,13,49,1594397681,1594397999,'wrong'),(245,13,25,1598260341,1598260517,'correct'),(246,13,61,1598538880,1598538890,'correct'),(247,13,33,1588269907,1588270059,'wrong'),(248,13,61,1598538857,1598538864,'wrong'),(249,13,43,1594929133,1594929147,'correct'),(250,13,54,1599823127,1599833136,'correct'),(251,13,5,1590267571,1590267582,'correct'),(252,13,5,1590265148,1590267537,'wrong'),(253,13,53,1594449347,1594450027,'correct'),(254,13,45,1588661950,1588686260,'correct'),(255,13,44,1590500352,1590500701,'correct'),(256,13,10,1592892505,1593071519,'correct'),(257,13,38,1588684536,1588684662,'wrong'),(258,13,33,1588270101,1588270127,'correct'),(259,13,62,1599801025,1599801037,'correct'),(260,13,4,1590255414,1590255717,'correct'),(261,13,16,1590232430,1590232443,'wrong'),(262,13,32,1593812939,1593813153,'correct'),(263,13,57,1596167626,1596169849,'correct'),(264,13,51,1599115702,1599115767,'correct'),(265,13,7,1598881401,1598881522,'correct'),(266,13,9,1588174314,1588174698,'correct'),(267,13,19,1591018316,1591019367,'correct'),(268,13,8,1594201064,1594201489,'correct'),(269,13,13,1594244156,1594244334,'correct'),(270,13,40,1588010834,1588010842,'correct'),(271,13,49,1594398026,1594398039,'correct'),(272,13,40,1588010708,1588010724,'wrong'),(273,13,63,1599668692,1599669122,'correct'),(274,13,28,1588357998,1588358122,'wrong'),(275,13,28,1588358133,1588358139,'correct'),(276,13,14,1595348131,1595348867,'correct'),(277,13,41,1599550624,1599550847,'correct'),(278,13,64,1600053854,1600054001,'correct'),(279,13,42,1597044031,1597044403,'correct'),(280,13,50,1593506723,1593506931,'correct'),(281,13,40,1588010677,1588010695,'wrong'),(282,13,21,1594966349,1594971025,'correct'),(283,13,12,1595092582,1595092649,'correct'),(284,13,22,1589673564,1589673637,'correct'),(285,13,52,1598291667,1598291748,'wrong'),(286,13,52,1598291759,1598291764,'correct'),(287,13,31,1591971193,1591973734,'correct'),(288,13,11,1593292501,1593292630,'correct'),(289,13,39,1590926031,1590926140,'correct'),(290,13,29,1594128479,1594129793,'correct'),(291,13,27,1596576359,1596576600,'correct'),(292,13,40,1588010767,1588010803,'wrong'),(293,13,20,1590571322,1590571463,'correct'),(294,13,62,1599756541,1599801001,'wrong'),(295,13,30,1596998991,1596999218,'correct'),(296,13,6,1599103391,1599109526,'correct'),(297,13,18,1587093577,1587093606,'correct'),(298,13,40,1587960104,1587960447,'wrong'),(299,13,61,1598538532,1598538837,'wrong'),(300,13,16,1590232474,1590232480,'correct'),(301,13,36,1596491727,1596523568,'correct'),(302,13,23,1589344208,1589344215,'correct'),(303,13,56,1594807829,1594808028,'correct'),(304,13,24,1586371714,1586371720,'correct'),(305,13,48,1599663117,1599663275,'correct'),(306,13,24,1586371147,1586371154,'wrong'),(307,13,2,1587785790,1587785899,'correct'),(308,13,46,1590439814,1590440152,'correct'),(309,13,60,1598961119,1598961269,'correct'),(310,13,15,1589873678,1589873740,'wrong'),(311,13,15,1589873746,1589873750,'correct'),(312,13,26,1597122113,1597122193,'correct'),(313,13,47,1588146846,1588146983,'correct'),(314,13,1,1591005535,1591005741,'correct'),(315,13,43,1594929034,1594929121,'wrong'),(316,13,58,1595930903,1595938228,'wrong'),(317,13,58,1595938261,1595938316,'correct'),(318,13,24,1586371514,1586371536,'wrong'),(319,13,24,1586370916,1586371126,'wrong'),(320,13,16,1590232275,1590232398,'wrong'),(321,13,3,1590854511,1590854631,'correct'),(322,13,59,1597683964,1597684108,'correct'),(323,13,35,1592503448,1592504057,'correct'),(324,13,24,1586371545,1586371705,'wrong'),(325,13,37,1589218244,1589218376,'correct'),(326,13,34,1598361218,1598361294,'correct'),(327,13,55,1594482328,1594483230,'correct'),(328,14,17,1595580652,1595998475,'correct'),(329,14,57,1596169482,1596170756,'correct'),(330,14,3,1590909654,1590909663,'correct'),(331,14,13,1594244345,1594244509,'wrong'),(332,14,20,1590664233,1590664243,'correct'),(333,14,59,1597684719,1597684724,'wrong'),(334,14,62,1599801214,1599806123,'correct'),(335,14,62,1599806177,1599806200,'correct'),(336,14,59,1597684940,1597684944,'correct'),(337,14,59,1597684912,1597684932,'correct'),(338,14,48,1599663278,1599664679,'correct'),(339,14,35,1592504084,1592506409,'correct'),(340,14,10,1593071521,1593073915,'correct'),(341,14,27,1596619278,1596619282,'correct'),(342,14,28,1588358146,1588358314,'wrong'),(343,14,27,1596576604,1596619264,'wrong'),(344,14,21,1594971042,1594977325,'correct'),(345,14,52,1598292362,1598292400,'correct'),(346,14,51,1599115771,1599116413,'wrong'),(347,14,24,1586677027,1586677046,'correct'),(348,14,7,1598882230,1598882241,'correct'),(349,14,40,1588016366,1588016381,'wrong'),(350,14,8,1594201492,1594546860,'correct'),(351,14,29,1595258359,1595259631,'wrong'),(352,14,40,1588016401,1588016428,'correct'),(353,14,59,1597684746,1597684769,'wrong'),(354,14,40,1588016223,1588016252,'wrong'),(355,14,29,1595313412,1595313912,'wrong'),(356,14,29,1595314158,1595315306,'correct'),(357,14,29,1595314002,1595314153,'wrong'),(358,14,29,1595313948,1595313978,'wrong'),(359,14,59,1597684115,1597684697,'wrong'),(360,14,40,1588016155,1588016183,'wrong'),(361,14,9,1588174708,1588174860,'correct'),(362,14,13,1594244565,1594244606,'correct'),(363,14,40,1587960104,1588016136,'wrong'),(364,14,63,1599671102,1599672062,'correct'),(365,14,20,1590571483,1590664036,'wrong'),(366,14,26,1597122199,1597122387,'correct'),(367,14,28,1588358326,1588358330,'wrong'),(368,14,30,1596999222,1597044770,'correct'),(369,14,16,1590232500,1590237960,'wrong'),(370,14,7,1598881559,1598882209,'wrong'),(371,14,19,1591019377,1591022374,'correct'),(372,14,58,1595938324,1596477940,'correct'),(373,14,24,1586371736,1586676612,'wrong'),(374,14,40,1588016321,1588016334,'wrong'),(375,14,36,1596492047,1596523876,'correct'),(376,14,24,1586676889,1586677024,'wrong'),(377,14,47,1588146988,1588147403,'correct'),(378,14,18,1587093610,1587093624,'correct'),(379,14,13,1594244541,1594244547,'wrong'),(380,14,43,1594930216,1594930229,'wrong'),(381,14,50,1593587324,1593587391,'wrong'),(382,14,25,1598260520,1598260863,'correct'),(383,14,34,1598361297,1598361490,'correct'),(384,14,44,1590500706,1590501028,'correct'),(385,14,5,1590267588,1590567903,'wrong'),(386,14,51,1599116486,1599116490,'correct'),(387,14,56,1594808031,1594808832,'correct'),(388,14,50,1593587240,1593587319,'wrong'),(389,14,50,1593587453,1593587464,'wrong'),(390,14,42,1597044413,1597045207,'correct'),(391,14,64,1600054007,1600054315,'correct'),(392,14,46,1590440184,1590440819,'correct'),(393,14,52,1598292184,1598292188,'wrong'),(394,14,37,1589218378,1589220785,'wrong'),(395,14,49,1594397781,1594482606,'correct'),(396,14,11,1593292855,1593292884,'correct'),(397,14,60,1598961290,1598962035,'correct'),(398,14,45,1588686267,1588686976,'correct'),(399,14,55,1594483253,1594483921,'correct'),(400,14,33,1588270134,1588270347,'wrong'),(401,14,33,1588270373,1588270391,'correct'),(402,14,38,1588684712,1588685238,'wrong'),(403,14,11,1593292635,1593292843,'wrong'),(404,14,54,1599833395,1599843837,'correct'),(405,14,4,1590934132,1590934357,'correct'),(406,14,15,1589874936,1589874954,'correct'),(407,14,50,1593507092,1593587231,'wrong'),(408,14,43,1594930191,1594930202,'wrong'),(409,14,1,1591005745,1591006011,'wrong'),(410,14,32,1593813156,1593871640,'correct'),(411,14,53,1594449810,1594450559,'wrong'),(412,14,38,1588685249,1588685405,'correct'),(413,14,61,1598538897,1598539364,'correct'),(414,14,59,1597684854,1597684864,'wrong'),(415,14,16,1590237990,1590238008,'correct'),(416,14,41,1599550886,1599553553,'correct'),(417,14,52,1598291770,1598292163,'wrong'),(418,14,6,1599103416,1599189936,'correct'),(419,14,43,1594927350,1594930037,'wrong'),(420,14,12,1595092653,1595092763,'wrong'),(421,14,28,1588358366,1588358378,'correct'),(422,14,31,1591978914,1591982583,'correct'),(423,14,1,1591006021,1591006030,'correct'),(424,14,22,1589673640,1589673968,'correct'),(425,14,23,1589344217,1589344224,'correct'),(426,14,12,1595092772,1595092797,'wrong'),(427,14,53,1594450617,1594450642,'correct'),(428,14,43,1594930450,1594930474,'correct'),(429,14,39,1590926142,1590926578,'correct'),(430,14,37,1589221052,1589221364,'correct'),(431,14,14,1595348874,1595349498,'correct'),(432,14,15,1589873758,1589874901,'wrong'),(433,14,43,1594930281,1594930313,'wrong'),(434,14,50,1593587415,1593587447,'wrong'),(435,14,5,1590567943,1590568068,'correct'),(436,14,12,1595092802,1595092805,'correct'),(437,14,2,1587785901,1587786002,'correct'),(438,14,3,1590909189,1590909611,'wrong'),(439,14,50,1593587474,1593587482,'correct'),(440,15,46,1590494325,1590494352,'correct'),(441,15,15,1589875141,1589875168,'correct'),(442,15,13,1594244610,1594245066,'wrong'),(443,15,46,1590440829,1590494103,'wrong'),(444,15,14,1595349501,1595350326,'correct'),(445,15,13,1594245110,1594245201,'wrong'),(446,15,19,1591022377,1591023542,'wrong'),(447,15,42,1597045211,1597046609,'correct'),(448,15,43,1594931564,1594931580,'correct'),(449,15,48,1599664682,1599665924,'correct'),(450,15,43,1594929151,1594931065,'wrong'),(451,15,12,1595093121,1595093124,'correct'),(452,15,16,1590238310,1590238394,'wrong'),(453,15,12,1595092809,1595093026,'wrong'),(454,15,12,1595093071,1595093112,'wrong'),(455,15,49,1594483194,1594483236,'correct'),(456,15,12,1595093043,1595093063,'wrong'),(457,15,43,1594931137,1594931153,'wrong'),(458,15,13,1594245332,1594245338,'correct'),(459,15,49,1594398043,1594483130,'wrong'),(460,15,44,1590501030,1590501369,'correct'),(461,15,11,1593293930,1593293937,'correct'),(462,15,43,1594931546,1594931558,'wrong'),(463,15,43,1594931074,1594931126,'wrong'),(464,15,45,1588687035,1588688274,'correct'),(465,15,11,1593292892,1593293873,'wrong'),(466,15,49,1594483149,1594483183,'wrong'),(467,15,43,1594931447,1594931477,'wrong'),(468,15,43,1594931355,1594931376,'wrong'),(469,15,9,1588175806,1588175812,'correct'),(470,15,9,1588174879,1588175763,'wrong'),(471,15,15,1589875111,1589875127,'wrong'),(472,15,47,1588147437,1588148113,'correct'),(473,15,13,1594245264,1594245296,'wrong'),(474,15,15,1589874966,1589875104,'wrong'),(475,15,18,1587093629,1587093658,'correct'),(476,15,17,1595998543,1596014850,'correct'),(477,15,10,1593153419,1593153493,'correct'),(478,15,16,1590238582,1590238752,'wrong'),(479,15,16,1590238019,1590238216,'wrong'),(480,15,16,1590238820,1590238882,'correct'),(481,15,43,1594931311,1594931322,'wrong'),(482,15,16,1590238573,1590238578,'wrong'),(483,15,16,1590238418,1590238478,'wrong'),(484,15,16,1590238402,1590238407,'wrong'),(485,15,16,1590238288,1590238292,'wrong'),(486,15,10,1593073917,1593153410,'wrong'),(487,15,19,1591023568,1591023574,'correct'),(488,15,43,1594931162,1594931268,'wrong'),(489,15,61,1598540944,1598541186,'correct'),(490,15,38,1588715668,1588715681,'correct'),(491,15,61,1598540079,1598540104,'wrong'),(492,15,55,1594483935,1594484489,'correct'),(493,15,61,1598540158,1598540303,'wrong'),(494,15,54,1599844352,1599981532,'correct'),(495,15,61,1598540326,1598540336,'wrong'),(496,15,61,1598540792,1598540818,'wrong'),(497,15,61,1598540342,1598540349,'wrong'),(498,15,39,1590927472,1590927613,'correct'),(499,15,39,1590927256,1590927470,'wrong'),(500,15,61,1598540379,1598540389,'wrong'),(501,15,61,1598540734,1598540779,'wrong'),(502,15,61,1598540402,1598540460,'wrong'),(503,15,37,1589221369,1589443998,'correct'),(504,15,5,1590568688,1590568923,'correct'),(505,15,61,1598540937,1598540942,'wrong'),(506,15,61,1598540467,1598540720,'wrong'),(507,15,39,1590926581,1590927233,'wrong'),(508,15,25,1598260867,1598261120,'correct'),(509,15,61,1598540877,1598540920,'wrong'),(510,15,24,1586877924,1586877953,'correct'),(511,15,52,1598292675,1598292684,'wrong'),(512,15,52,1598292409,1598292641,'wrong'),(513,15,52,1598292698,1598292713,'correct'),(514,15,22,1589673996,1589674583,'correct'),(515,15,5,1590568077,1590568645,'wrong'),(516,15,26,1597122392,1597122693,'correct'),(517,15,59,1597684950,1597685654,'wrong'),(518,15,36,1596523903,1596524229,'wrong'),(519,15,35,1592506416,1592507825,'correct'),(520,15,36,1596524243,1596524247,'correct'),(521,15,58,1596476876,1596479044,'correct'),(522,15,3,1591463850,1591463897,'wrong'),(523,15,3,1591462317,1591463805,'wrong'),(524,15,3,1591463911,1591464042,'correct'),(525,15,24,1586677052,1586877850,'wrong'),(526,15,53,1594452614,1594452624,'correct'),(527,15,59,1597685663,1597685671,'correct'),(528,15,38,1588685420,1588715635,'wrong'),(529,15,60,1598962039,1598962466,'correct'),(530,15,61,1598539375,1598540046,'wrong'),(531,15,2,1587786005,1587786361,'correct'),(532,15,34,1598361493,1598361930,'correct'),(533,15,33,1588271374,1588271440,'wrong'),(534,15,57,1596169853,1596652574,'correct'),(535,15,24,1586877859,1586877871,'wrong'),(536,15,33,1588270397,1588271313,'wrong'),(537,15,23,1589344226,1589344233,'correct'),(538,15,33,1588271467,1588271485,'wrong'),(539,15,56,1594808840,1594813772,'correct'),(540,15,33,1588271327,1588271354,'wrong'),(541,15,4,1590934372,1590941489,'correct'),(542,15,53,1594450037,1594452606,'correct'),(543,15,20,1590501103,1590665359,'correct'),(544,15,50,1593588098,1593588183,'wrong'),(545,15,40,1588017176,1588017186,'wrong'),(546,15,28,1588358714,1588358746,'wrong'),(547,15,64,1600054335,1600055071,'wrong'),(548,15,40,1587960104,1588016973,'wrong'),(549,15,8,1594546862,1594548022,'correct'),(550,15,40,1588017018,1588017038,'wrong'),(551,15,40,1588017205,1588017252,'wrong'),(552,15,40,1588017265,1588017279,'correct'),(553,15,64,1600055190,1600055297,'wrong'),(554,15,29,1595315343,1595341199,'correct'),(555,15,64,1600055451,1600055551,'correct'),(556,15,30,1597044774,1597045246,'correct'),(557,15,50,1593588186,1593588375,'correct'),(558,15,40,1588016999,1588017007,'wrong'),(559,15,27,1596619289,1596624103,'wrong'),(560,15,28,1588358761,1588358778,'correct'),(561,15,64,1600055404,1600055419,'wrong'),(562,15,51,1599116494,1599116778,'wrong'),(563,15,51,1599116785,1599116788,'correct'),(564,15,41,1599553627,1599558346,'correct'),(565,15,28,1588358383,1588358680,'wrong'),(566,15,50,1593588083,1593588092,'wrong'),(567,15,6,1599149734,1599201464,'wrong'),(568,15,32,1593813258,1593873093,'correct'),(569,15,21,1594977377,1594977852,'correct'),(570,15,31,1591982588,1592033809,'correct'),(571,15,1,1591006034,1591006516,'correct'),(572,15,50,1593587522,1593587972,'wrong'),(573,15,6,1599201495,1599201508,'correct'),(574,15,27,1596624154,1596624162,'correct'),(575,15,50,1593587998,1593588046,'wrong'),(576,15,7,1598882254,1598882539,'wrong'),(577,15,7,1598882794,1598882833,'wrong'),(578,15,7,1598882866,1598882885,'correct'),(579,15,7,1598882574,1598882599,'wrong'),(580,15,7,1598882768,1598882774,'wrong'),(581,15,63,1599672284,1599676048,'correct'),(582,15,7,1598882608,1598882749,'wrong'),(583,15,62,1599806460,1599808289,'correct'),(584,16,59,1597685676,1597685819,'correct'),(585,16,15,1589878424,1589878426,'correct'),(586,16,11,1593293943,1593294097,'correct'),(587,16,64,1600055568,1600055671,'wrong'),(588,16,60,1598962468,1598962687,'correct'),(589,16,35,1592764618,1592765535,'correct'),(590,16,14,1595350331,1595350581,'correct'),(591,16,25,1598261173,1598265942,'correct'),(592,16,15,1589875174,1589878417,'wrong'),(593,16,61,1598541673,1598541678,'correct'),(594,16,12,1595093128,1595093186,'correct'),(595,16,31,1592033815,1592034720,'correct'),(596,16,62,1599809772,1599811751,'correct'),(597,16,27,1596632683,1596632937,'correct'),(598,16,63,1599676205,1599750386,'correct'),(599,16,61,1598541215,1598541662,'wrong'),(600,16,13,1594245340,1594245508,'correct'),(601,16,30,1597045252,1597045843,'correct'),(602,16,29,1595341216,1595342049,'correct'),(603,16,33,1588271505,1588271581,'correct'),(604,16,26,1597122701,1597122764,'correct'),(605,16,64,1600055692,1600055717,'correct'),(606,16,32,1593873097,1593873230,'correct'),(607,16,28,1588358708,1588366856,'correct'),(608,16,45,1588688279,1588689264,'correct'),(609,16,1,1591006520,1591099493,'correct'),(610,16,34,1598361942,1598452804,'correct'),(611,16,43,1594929893,1594932705,'correct'),(612,16,2,1587786364,1587786426,'correct'),(613,16,44,1590501371,1590501577,'correct'),(614,16,7,1598882907,1598894700,'wrong'),(615,16,49,1594482610,1594483331,'correct'),(616,16,56,1594813775,1594813969,'correct'),(617,16,6,1599190029,1599201794,'correct'),(618,16,8,1594548025,1594548441,'correct'),(619,16,37,1589444005,1589444073,'correct'),(620,16,55,1594484496,1594484829,'correct'),(621,16,38,1588715684,1588715876,'correct'),(622,16,54,1599844353,1599984642,'correct'),(623,16,39,1590927615,1590927735,'correct'),(624,16,4,1590941509,1590944744,'wrong'),(625,16,7,1598894715,1598894724,'correct'),(626,16,40,1587960104,1588017367,'correct'),(627,16,10,1593153693,1593153700,'correct'),(628,16,3,1591700898,1591701004,'correct'),(629,16,53,1594455128,1594455360,'correct'),(630,16,46,1590494357,1590494783,'correct'),(631,16,16,1595518892,1595518991,'correct'),(632,16,53,1594450661,1594455105,'wrong'),(633,16,5,1591846615,1591846776,'correct'),(634,16,52,1598292719,1598292830,'correct'),(635,16,22,1589674592,1589674668,'wrong'),(636,16,18,1587093661,1587093672,'correct'),(637,16,17,1596014855,1596019380,'correct'),(638,16,22,1589674678,1589674687,'correct'),(639,16,21,1594977864,1594978018,'correct'),(640,16,10,1593153521,1593153689,'wrong'),(641,16,4,1590944758,1590944791,'correct'),(642,16,47,1588148198,1588148276,'wrong'),(643,16,20,1590665725,1590665861,'correct'),(644,16,42,1597046616,1597046853,'correct'),(645,16,36,1596524289,1596524426,'correct'),(646,16,50,1593588765,1593588772,'wrong'),(647,16,50,1593588790,1593588803,'correct'),(648,16,50,1593588563,1593588732,'wrong'),(649,16,47,1588148286,1588148293,'correct'),(650,16,9,1588175869,1588176424,'correct'),(651,16,58,1597244738,1597245620,'correct'),(652,16,23,1589344236,1589344242,'correct'),(653,16,24,1586877956,1586878154,'correct'),(654,16,41,1599558361,1599559312,'correct'),(655,16,48,1599665929,1599666223,'correct'),(656,16,57,1596170764,1596654241,'wrong'),(657,16,50,1593588756,1593588762,'wrong'),(658,16,57,1596654495,1596654847,'wrong'),(659,16,19,1591026000,1591026004,'correct'),(660,16,57,1596654891,1596654928,'correct'),(661,16,19,1591023586,1591025959,'wrong'),(662,16,51,1599116792,1599116832,'correct'),(663,17,30,1597045846,1597046537,'correct'),(664,17,28,1588366666,1588367133,'wrong'),(665,17,28,1588367168,1588367176,'correct'),(666,17,19,1591026009,1591099271,'correct'),(667,17,18,1587093679,1587093690,'correct'),(668,17,42,1597046857,1597047433,'correct'),(669,17,41,1599559340,1599560041,'correct'),(670,17,15,1589878430,1589878812,'wrong'),(671,17,15,1589878859,1589878863,'correct'),(672,17,20,1590665869,1590666140,'correct'),(673,17,27,1596632939,1596633122,'correct'),(674,17,29,1595342052,1595342785,'correct'),(675,17,40,1587960104,1588017559,'correct'),(676,17,16,1595519367,1595519375,'wrong'),(677,17,39,1590927738,1590927895,'correct'),(678,17,24,1586878657,1586878820,'wrong'),(679,17,16,1595519308,1595519319,'wrong'),(680,17,24,1586878645,1586878652,'wrong'),(681,17,24,1586878464,1586878589,'wrong'),(682,17,26,1597122768,1597123091,'correct'),(683,17,16,1595519451,1595519458,'wrong'),(684,17,43,1594933221,1594933230,'wrong'),(685,17,16,1595518997,1595519288,'wrong'),(686,17,36,1596524458,1596524625,'correct'),(687,17,35,1592765553,1592766684,'correct'),(688,17,16,1595519515,1595519525,'correct'),(689,17,16,1595519471,1595519484,'wrong'),(690,17,25,1598265944,1598266309,'correct'),(691,17,24,1586878598,1586878612,'wrong'),(692,17,43,1594933247,1594933252,'correct'),(693,17,31,1592034726,1592035924,'correct'),(694,17,21,1594978048,1594978271,'correct'),(695,17,32,1593873908,1593994960,'correct'),(696,17,22,1589674856,1589674870,'correct'),(697,17,17,1596019384,1596019945,'correct'),(698,17,24,1586878853,1586878865,'correct'),(699,17,32,1593873233,1593873899,'wrong'),(700,17,43,1594930813,1594933184,'wrong'),(701,17,38,1588715879,1588716187,'correct'),(702,17,37,1589444076,1589444401,'correct'),(703,17,33,1588271591,1588271815,'correct'),(704,17,23,1589344244,1589344251,'correct'),(705,17,24,1586878156,1586878459,'wrong'),(706,17,34,1598452807,1598453381,'correct'),(707,17,22,1589674690,1589674817,'wrong'),(708,17,12,1595093189,1595093262,'wrong'),(709,17,64,1600055736,1600055976,'correct'),(710,17,61,1598541682,1598541965,'correct'),(711,17,45,1588689268,1588691128,'correct'),(712,17,8,1594548444,1594549056,'correct'),(713,17,44,1590501579,1590501804,'correct'),(714,17,3,1591701228,1591701233,'correct'),(715,17,6,1599202152,1599202159,'wrong'),(716,17,12,1595093319,1595093347,'correct'),(717,17,60,1598962733,1598963200,'correct'),(718,17,12,1595093279,1595093287,'wrong'),(719,17,6,1599202166,1599202168,'correct'),(720,17,13,1594245646,1594245653,'correct'),(721,17,6,1599201799,1599202078,'wrong'),(722,17,13,1594245510,1594245637,'wrong'),(723,17,6,1599202108,1599202145,'wrong'),(724,17,7,1598894729,1598894945,'correct'),(725,17,50,1593588840,1593589221,'correct'),(726,17,2,1587786427,1587786557,'correct'),(727,17,9,1588177122,1588177130,'correct'),(728,17,1,1591099499,1591099803,'correct'),(729,17,59,1597685840,1597686133,'wrong'),(730,17,9,1588176426,1588177098,'wrong'),(731,17,10,1593153702,1593154003,'correct'),(732,17,51,1599116837,1599116980,'correct'),(733,17,49,1594483460,1594483546,'correct'),(734,17,63,1599750388,1599750640,'correct'),(735,17,11,1593294100,1593294442,'correct'),(736,17,59,1597686169,1597686192,'correct'),(737,17,48,1599666226,1599668288,'correct'),(738,17,47,1588148614,1588148631,'correct'),(739,17,47,1588148316,1588148584,'wrong'),(740,17,46,1590494792,1590495333,'correct'),(741,17,3,1591701024,1591701219,'wrong'),(742,17,49,1594482865,1594483439,'wrong'),(743,17,62,1599811857,1599813508,'wrong'),(744,17,54,1599985278,1599990653,'correct'),(745,17,53,1594456020,1594456042,'correct'),(746,17,5,1591846780,1591847208,'correct'),(747,17,52,1598292836,1598292989,'wrong'),(748,17,4,1590944794,1590945071,'correct'),(749,17,53,1594452631,1594455992,'wrong'),(750,17,52,1598293006,1598293012,'wrong'),(751,17,52,1598293021,1598293025,'correct'),(752,17,56,1594813972,1594814248,'correct'),(753,17,58,1597244962,1597256323,'correct'),(754,17,53,1594456000,1594456005,'wrong'),(755,17,62,1599813522,1599814137,'correct'),(756,17,14,1595350584,1595350963,'correct'),(757,17,57,1596654491,1596740505,'correct'),(758,17,55,1594484837,1594485248,'correct'),(759,18,25,1598266312,1598268172,'correct'),(760,18,50,1593589248,1593589793,'wrong'),(761,18,50,1593589801,1593589805,'correct'),(762,18,53,1594455370,1594457388,'correct'),(763,18,36,1596524669,1596524884,'correct'),(764,18,64,1600055992,1600056199,'wrong'),(765,18,42,1597047440,1597047786,'correct'),(766,18,56,1594814251,1594814899,'correct'),(767,18,59,1597686459,1597686466,'wrong'),(768,18,64,1600056266,1600056294,'correct'),(769,18,17,1596019968,1596020338,'correct'),(770,18,18,1587093695,1587093706,'correct'),(771,18,35,1592766694,1592768485,'correct'),(772,18,37,1589444423,1589444651,'correct'),(773,18,23,1590343184,1590343190,'correct'),(774,18,3,1591701239,1591701570,'correct'),(775,18,55,1594485263,1594487550,'correct'),(776,18,4,1590945100,1590945535,'correct'),(777,18,38,1588716190,1588716398,'correct'),(778,18,35,1592768763,1592768810,'correct'),(779,18,63,1599750706,1599764064,'correct'),(780,18,54,1599990903,1599993683,'correct'),(781,18,41,1599560046,1599560393,'correct'),(782,18,19,1591099285,1591105411,'correct'),(783,18,35,1592768733,1592768752,'correct'),(784,18,24,1586878896,1586879191,'wrong'),(785,18,2,1587786559,1587786675,'correct'),(786,18,59,1597686196,1597686395,'wrong'),(787,18,24,1586879245,1586879295,'correct'),(788,18,21,1594978275,1594981768,'correct'),(789,18,39,1590927897,1590928063,'correct'),(790,18,51,1599117289,1599117292,'correct'),(791,18,7,1598894977,1598895133,'wrong'),(792,18,52,1598293031,1598293173,'correct'),(793,18,20,1590666352,1590666519,'correct'),(794,18,28,1588366861,1588367500,'wrong'),(795,18,7,1598895182,1598895192,'correct'),(796,18,58,1597245639,1597256950,'correct'),(797,18,6,1599202173,1599202258,'wrong'),(798,18,57,1596654988,1596740923,'correct'),(799,18,7,1598895147,1598895158,'wrong'),(800,18,6,1599202274,1599202283,'correct'),(801,18,51,1599116984,1599117135,'wrong'),(802,18,40,1588017780,1588017817,'wrong'),(803,18,59,1597686476,1597686529,'correct'),(804,18,23,1589344254,1589344270,'wrong'),(805,18,5,1591847213,1591847515,'correct'),(806,18,30,1597046556,1597047101,'correct'),(807,18,24,1586879194,1586879216,'wrong'),(808,18,51,1599117177,1599117181,'wrong'),(809,18,8,1594549059,1594549918,'correct'),(810,18,28,1588367533,1588367542,'correct'),(811,18,22,1589674893,1589698317,'correct'),(812,18,40,1588017730,1588017735,'wrong'),(813,18,40,1587960104,1588017723,'wrong'),(814,18,9,1588177142,1588179582,'correct'),(815,18,51,1599117205,1599117224,'wrong'),(816,18,40,1588017835,1588017839,'correct'),(817,18,48,1599668291,1599669228,'correct'),(818,18,13,1594245962,1594246163,'correct'),(819,18,10,1593154006,1593154421,'correct'),(820,18,49,1594483335,1594483736,'wrong'),(821,18,14,1595350980,1595352750,'correct'),(822,18,45,1588691131,1588692200,'correct'),(823,18,60,1598963203,1598963632,'correct'),(824,18,15,1589881286,1589881290,'correct'),(825,18,43,1594933743,1594933756,'correct'),(826,18,61,1598541970,1598542291,'correct'),(827,18,34,1598453386,1598453782,'wrong'),(828,18,15,1589878867,1589880809,'wrong'),(829,18,49,1594483755,1594483911,'correct'),(830,18,62,1599814142,1599814674,'correct'),(831,18,15,1589880815,1589881279,'wrong'),(832,18,33,1588271829,1588544488,'correct'),(833,18,46,1590495347,1590496062,'correct'),(834,18,12,1595093374,1595093454,'correct'),(835,18,11,1593294445,1593294681,'correct'),(836,18,16,1595519826,1595519834,'correct'),(837,18,27,1596633214,1596633402,'correct'),(838,18,16,1595519536,1595519797,'wrong'),(839,18,1,1591099835,1591100184,'correct'),(840,18,44,1590501808,1590501967,'correct'),(841,18,34,1598453798,1598454000,'correct'),(842,18,13,1594245655,1594245890,'wrong'),(843,18,13,1594245897,1594245960,'wrong'),(844,18,26,1597123096,1597123242,'correct'),(845,18,43,1594930813,1594933724,'wrong'),(846,18,32,1593994963,1594247942,'correct'),(847,18,31,1592035928,1592037245,'correct'),(848,19,57,1596741789,1596741819,'wrong'),(849,19,61,1598544045,1598544065,'correct'),(850,19,57,1596742108,1596742116,'wrong'),(851,19,58,1597258531,1597258545,'correct'),(852,19,27,1596640991,1596640994,'wrong'),(853,19,57,1596741963,1596742045,'wrong'),(854,19,57,1596741718,1596741773,'wrong'),(855,19,61,1598543990,1598543998,'wrong'),(856,19,57,1596740520,1596741641,'wrong'),(857,19,61,1598544006,1598544022,'wrong'),(858,19,23,1589344261,1589344264,'wrong'),(859,19,58,1597258402,1597258417,'wrong'),(860,19,58,1597258277,1597258361,'wrong'),(861,19,32,1594247957,1594398695,'wrong'),(862,19,23,1589344296,1589344321,'wrong'),(863,19,1,1591100222,1591100480,'wrong'),(864,19,57,1596742597,1596742605,'correct'),(865,19,24,1586879299,1586880007,'wrong'),(866,19,57,1596742398,1596742442,'wrong'),(867,19,24,1586880013,1586880017,'wrong'),(868,19,58,1597256345,1597257672,'wrong'),(869,19,27,1597227454,1597227457,'wrong'),(870,19,27,1597227463,1597227469,'wrong'),(871,19,27,1597227481,1597227527,'correct'),(872,19,27,1596640699,1596640703,'wrong'),(873,19,61,1598543528,1598543533,'wrong'),(874,19,24,1586880020,1586880025,'wrong'),(875,19,31,1592037249,1592037951,'correct'),(876,19,27,1597227472,1597227478,'wrong'),(877,19,57,1596742125,1596742131,'wrong'),(878,19,57,1596742564,1596742587,'wrong'),(879,19,58,1597258010,1597258013,'wrong'),(880,19,23,1590343298,1590343333,'wrong'),(881,19,27,1596640529,1596640535,'wrong'),(882,19,23,1590343599,1590343621,'wrong'),(883,19,27,1596640493,1596640498,'wrong'),(884,19,27,1596640449,1596640453,'wrong'),(885,19,64,1600057505,1600057515,'wrong'),(886,19,3,1591707075,1591707157,'wrong'),(887,19,23,1590343791,1590343796,'wrong'),(888,19,23,1590343487,1590343497,'wrong'),(889,19,23,1590343778,1590343786,'wrong'),(890,19,57,1596741871,1596741903,'wrong'),(891,19,27,1596640437,1596640444,'wrong'),(892,19,23,1590343232,1590343238,'wrong'),(893,19,23,1590343277,1590343295,'wrong'),(894,19,23,1590343270,1590343272,'wrong'),(895,19,13,1594246308,1594246794,'correct'),(896,19,64,1600057961,1600058008,'wrong'),(897,19,14,1595362110,1595362115,'wrong'),(898,19,64,1600057596,1600057616,'wrong'),(899,19,27,1596640423,1596640431,'wrong'),(900,19,64,1600057803,1600057830,'wrong'),(901,19,64,1600056832,1600056845,'wrong'),(902,19,37,1589469622,1589469677,'correct'),(903,19,23,1590343340,1590343479,'wrong'),(904,19,27,1596640808,1596640816,'wrong'),(905,19,27,1596641000,1596641002,'wrong'),(906,19,27,1596640859,1596640865,'wrong'),(907,19,32,1594398799,1594398873,'correct'),(908,19,23,1589344360,1589344363,'wrong'),(909,19,24,1586880648,1586880665,'wrong'),(910,19,3,1591707397,1591707410,'wrong'),(911,19,62,1599828036,1599828047,'correct'),(912,19,62,1599828016,1599828030,'wrong'),(913,19,3,1591707421,1591707432,'wrong'),(914,19,23,1590343574,1590343581,'wrong'),(915,19,27,1596640590,1596640688,'wrong'),(916,19,27,1596640846,1596640855,'wrong'),(917,19,23,1590343804,1590343809,'wrong'),(918,19,23,1590343850,1590343855,'wrong'),(919,19,23,1590343763,1590343768,'wrong'),(920,19,23,1590343771,1590343775,'wrong'),(921,19,27,1596640763,1596640769,'wrong'),(922,19,23,1590343889,1590343894,'correct'),(923,19,3,1591707307,1591707348,'wrong'),(924,19,27,1596640983,1596640988,'wrong'),(925,19,23,1590343501,1590343556,'wrong'),(926,19,23,1590343862,1590343864,'wrong'),(927,19,27,1596640929,1596640933,'wrong'),(928,19,23,1590343676,1590343725,'wrong'),(929,19,60,1598964365,1598964367,'correct'),(930,19,27,1597227210,1597227214,'wrong'),(931,19,1,1591218447,1591218454,'wrong'),(932,19,35,1592768812,1592774201,'wrong'),(933,19,59,1597687647,1597687654,'wrong'),(934,19,1,1591218418,1591218431,'wrong'),(935,19,59,1597687598,1597687627,'wrong'),(936,19,25,1598268196,1598268732,'wrong'),(937,19,1,1591100503,1591100533,'wrong'),(938,19,3,1591706905,1591707000,'wrong'),(939,19,35,1592774216,1592774250,'wrong'),(940,19,25,1598268740,1598268895,'correct'),(941,19,1,1591218473,1591218510,'correct'),(942,19,59,1597687551,1597687561,'wrong'),(943,19,60,1598964218,1598964358,'wrong'),(944,19,38,1588716854,1588766442,'correct'),(945,19,59,1597687540,1597687546,'wrong'),(946,19,27,1597227281,1597227350,'wrong'),(947,19,60,1598963634,1598964050,'wrong'),(948,19,62,1599827365,1599827461,'wrong'),(949,19,27,1597227271,1597227277,'wrong'),(950,19,3,1591707351,1591707388,'wrong'),(951,19,59,1597687706,1597687710,'wrong'),(952,19,3,1591707441,1591707445,'wrong'),(953,19,2,1587786676,1587786836,'correct'),(954,19,26,1597124273,1597125065,'wrong'),(955,19,26,1597125248,1597125255,'correct'),(956,19,27,1597227388,1597227392,'wrong'),(957,19,3,1591707471,1591707494,'correct'),(958,19,27,1597227164,1597227167,'wrong'),(959,19,26,1597125217,1597125235,'wrong'),(960,19,26,1597123250,1597124264,'wrong'),(961,19,3,1591707452,1591707464,'wrong'),(962,19,35,1592775273,1592775331,'correct'),(963,19,35,1592774389,1592774398,'wrong'),(964,19,33,1588544498,1588544677,'wrong'),(965,19,35,1592774407,1592774553,'correct'),(966,19,35,1592775023,1592775036,'wrong'),(967,19,27,1597227410,1597227448,'wrong'),(968,19,59,1597687770,1597687777,'wrong'),(969,19,59,1597687717,1597687741,'wrong'),(970,19,62,1599814846,1599826530,'wrong'),(971,19,34,1598454003,1598454596,'correct'),(972,19,59,1597687670,1597687678,'wrong'),(973,19,35,1592774261,1592774264,'wrong'),(974,19,35,1592775058,1592775060,'correct'),(975,19,61,1598543905,1598543908,'wrong'),(976,19,27,1597227254,1597227269,'wrong'),(977,19,64,1600057893,1600057923,'wrong'),(978,19,36,1596525390,1596525443,'wrong'),(979,19,36,1596525448,1596525532,'wrong'),(980,19,36,1596525544,1596525552,'wrong'),(981,19,61,1598543868,1598543873,'wrong'),(982,19,36,1596525556,1596525564,'correct'),(983,19,59,1597688029,1597688037,'correct'),(984,19,59,1597687879,1597688010,'wrong'),(985,19,36,1596525371,1596525382,'wrong'),(986,19,27,1597227399,1597227407,'wrong'),(987,19,24,1586880598,1586880605,'wrong'),(988,19,3,1591707023,1591707035,'wrong'),(989,19,24,1586880667,1586880673,'correct'),(990,19,62,1599826537,1599827319,'wrong'),(991,19,61,1598543654,1598543861,'wrong'),(992,19,32,1594398701,1594398743,'wrong'),(993,19,32,1594398748,1594398778,'wrong'),(994,19,59,1597687864,1597687874,'wrong'),(995,19,58,1597257870,1597257950,'wrong'),(996,19,58,1597258017,1597258189,'wrong'),(997,19,24,1586880607,1586880617,'wrong'),(998,19,3,1591707169,1591707184,'wrong'),(999,19,27,1596640876,1596640922,'wrong'),(1000,19,27,1597227173,1597227200,'wrong'),(1001,19,27,1596641006,1596641010,'wrong'),(1002,19,30,1597047124,1597047635,'correct'),(1003,19,62,1599827813,1599827833,'correct'),(1004,19,33,1588544762,1588545317,'correct'),(1005,19,1,1591100645,1591100675,'wrong'),(1006,19,61,1598543178,1598543289,'wrong'),(1007,19,64,1600057327,1600057341,'wrong'),(1008,19,64,1600057847,1600057887,'wrong'),(1009,19,1,1591100597,1591100601,'wrong'),(1010,19,24,1586880620,1586880645,'wrong'),(1011,19,3,1591707273,1591707283,'wrong'),(1012,19,61,1598543010,1598543015,'wrong'),(1013,19,61,1598542297,1598542950,'wrong'),(1014,19,36,1596525236,1596525240,'wrong'),(1015,19,24,1586880027,1586880039,'wrong'),(1016,19,24,1586880044,1586880596,'wrong'),(1017,19,1,1591100694,1591100699,'wrong'),(1018,19,61,1598543316,1598543387,'wrong'),(1019,19,36,1596525271,1596525290,'wrong'),(1020,19,59,1597686536,1597687486,'wrong'),(1021,19,10,1593541269,1593541774,'wrong'),(1022,19,28,1588367187,1588367801,'correct'),(1023,19,64,1600056302,1600056608,'wrong'),(1024,19,19,1591105419,1591106238,'wrong'),(1025,19,9,1588180123,1588180131,'wrong'),(1026,19,64,1600058656,1600058717,'wrong'),(1027,19,64,1600056967,1600057241,'wrong'),(1028,19,9,1588311596,1588311611,'correct'),(1029,19,64,1600058166,1600058255,'wrong'),(1030,19,18,1587093714,1587093721,'correct'),(1031,19,9,1588180179,1588180188,'wrong'),(1032,19,10,1593541788,1593541796,'correct'),(1033,19,19,1591106503,1591106613,'correct'),(1034,19,17,1596182806,1596182966,'correct'),(1035,19,17,1596182780,1596182789,'wrong'),(1036,19,17,1596182679,1596182751,'wrong'),(1037,19,10,1593540740,1593541263,'wrong'),(1038,19,17,1596182573,1596182641,'wrong'),(1039,19,10,1593540670,1593540737,'wrong'),(1040,19,17,1596020373,1596182510,'wrong'),(1041,19,10,1593540653,1593540667,'wrong'),(1042,19,10,1593154423,1593540615,'wrong'),(1043,19,64,1600058285,1600058292,'wrong'),(1044,19,10,1593541779,1593541783,'wrong'),(1045,19,50,1593590651,1593590674,'wrong'),(1046,19,9,1588179658,1588180113,'wrong'),(1047,19,9,1588311577,1588311589,'wrong'),(1048,19,51,1599117587,1599117593,'correct'),(1049,19,51,1599117297,1599117452,'wrong'),(1050,19,51,1599117555,1599117562,'wrong'),(1051,19,51,1599117566,1599117574,'wrong'),(1052,19,41,1599560399,1599561367,'correct'),(1053,19,50,1593590329,1593590398,'wrong'),(1054,19,50,1593590249,1593590327,'wrong'),(1055,19,19,1591106253,1591106261,'wrong'),(1056,19,50,1593590721,1593590735,'wrong'),(1057,19,48,1599673666,1599673680,'correct'),(1058,19,19,1591106308,1591106410,'wrong'),(1059,19,50,1593590554,1593590560,'wrong'),(1060,19,37,1589469588,1589469619,'wrong'),(1061,19,50,1593590745,1593590974,'correct'),(1062,19,38,1588716401,1588716803,'wrong'),(1063,19,50,1593589908,1593590233,'wrong'),(1064,19,42,1597568141,1597568145,'correct'),(1065,19,42,1597047794,1597568012,'wrong'),(1066,19,42,1597568028,1597568057,'wrong'),(1067,19,42,1597568086,1597568104,'wrong'),(1068,19,50,1593590697,1593590715,'wrong'),(1069,19,15,1589894657,1589894683,'wrong'),(1070,19,14,1595352753,1595353332,'wrong'),(1071,19,14,1595353466,1595353472,'wrong'),(1072,19,14,1595353489,1595361781,'wrong'),(1073,19,15,1589894802,1589894805,'wrong'),(1074,19,15,1589895108,1589895111,'correct'),(1075,19,15,1589895084,1589895103,'wrong'),(1076,19,15,1589895077,1589895081,'wrong'),(1077,19,15,1589894836,1589894844,'wrong'),(1078,19,15,1589894815,1589894822,'wrong'),(1079,19,49,1594483477,1594484170,'correct'),(1080,19,15,1589894687,1589894690,'wrong'),(1081,19,36,1596524892,1596525207,'wrong'),(1082,19,15,1589881292,1589894653,'wrong'),(1083,19,27,1596641181,1596641192,'wrong'),(1084,19,27,1596641202,1596641208,'wrong'),(1085,19,27,1596641318,1596641322,'wrong'),(1086,19,15,1589894824,1589894827,'wrong'),(1087,19,27,1596641337,1596641363,'wrong'),(1088,19,27,1597227108,1597227160,'wrong'),(1089,19,64,1600059306,1600059313,'wrong'),(1090,19,14,1595353372,1595353403,'wrong'),(1091,19,14,1595362122,1595362125,'correct'),(1092,19,14,1595361793,1595361908,'wrong'),(1093,19,45,1588692205,1588699900,'correct'),(1094,19,50,1593590421,1593590499,'wrong'),(1095,19,48,1599673551,1599673563,'wrong'),(1096,19,48,1599669236,1599673492,'wrong'),(1097,19,64,1600059366,1600059395,'wrong'),(1098,19,46,1590496085,1590496453,'correct'),(1099,19,64,1600058761,1600058772,'wrong'),(1100,19,64,1600059323,1600059338,'wrong'),(1101,19,27,1596641194,1596641199,'wrong'),(1102,19,12,1595093635,1595093650,'wrong'),(1103,19,43,1594933255,1594934033,'wrong'),(1104,19,27,1596641154,1596641162,'wrong'),(1105,19,12,1595093613,1595093617,'wrong'),(1106,19,43,1594934060,1594934071,'correct'),(1107,19,44,1590501969,1590502710,'correct'),(1108,19,12,1595093626,1595093632,'wrong'),(1109,19,12,1595093720,1595093746,'correct'),(1110,19,27,1596641013,1596641018,'wrong'),(1111,19,12,1595093709,1595093716,'wrong'),(1112,19,12,1595093678,1595093690,'wrong'),(1113,19,12,1595093656,1595093671,'wrong'),(1114,19,27,1596641036,1596641039,'wrong'),(1115,19,27,1596641130,1596641135,'wrong'),(1116,19,11,1593294685,1593295044,'correct'),(1117,19,12,1595093478,1595093592,'wrong'),(1118,19,64,1600056815,1600056828,'wrong'),(1119,19,53,1594456067,1594458869,'correct'),(1120,19,64,1600058603,1600058607,'wrong'),(1121,19,22,1589701011,1589701020,'wrong'),(1122,19,64,1600057280,1600057294,'wrong'),(1123,19,6,1599202436,1599202441,'correct'),(1124,19,27,1596633406,1596640413,'wrong'),(1125,19,64,1600056900,1600056910,'wrong'),(1126,19,6,1599202296,1599202378,'wrong'),(1127,19,64,1600058553,1600058598,'wrong'),(1128,19,64,1600056775,1600056793,'wrong'),(1129,19,54,1599993871,1599996711,'wrong'),(1130,19,54,1599996805,1599996815,'wrong'),(1131,19,23,1590343798,1590343802,'wrong'),(1132,19,54,1599996840,1599996859,'correct'),(1133,19,64,1600058782,1600059160,'wrong'),(1134,19,22,1589700917,1589700923,'wrong'),(1135,19,52,1598293179,1598293450,'wrong'),(1136,19,22,1589698323,1589700896,'wrong'),(1137,19,64,1600059342,1600059350,'wrong'),(1138,19,52,1598293516,1598293561,'correct'),(1139,19,50,1593590406,1593590418,'wrong'),(1140,19,22,1589700905,1589700910,'wrong'),(1141,19,22,1589701036,1589701041,'correct'),(1142,19,52,1598293455,1598293462,'wrong'),(1143,19,6,1599202383,1599202386,'wrong'),(1144,19,22,1589700952,1589700955,'wrong'),(1145,19,21,1594981779,1594982915,'correct'),(1146,19,39,1590928065,1590928290,'correct'),(1147,19,22,1589700961,1589700973,'wrong'),(1148,19,52,1598293467,1598293494,'wrong'),(1149,19,64,1600058633,1600058652,'wrong'),(1150,19,64,1600056634,1600056646,'wrong'),(1151,19,8,1594549922,1594550450,'correct'),(1152,19,37,1589445289,1589469370,'wrong'),(1153,19,55,1594487560,1594488296,'wrong'),(1154,19,37,1589444664,1589444738,'wrong'),(1155,19,37,1589444748,1589445187,'wrong'),(1156,19,7,1598895647,1598895655,'correct'),(1157,19,7,1598895228,1598895628,'wrong'),(1158,19,37,1589445196,1589445281,'wrong'),(1159,19,37,1589469563,1589469585,'wrong'),(1160,19,4,1590945548,1590946380,'correct'),(1161,19,37,1589469376,1589469415,'wrong'),(1162,19,56,1594815292,1594815297,'correct'),(1163,19,56,1594814902,1594815266,'wrong'),(1164,19,9,1588180196,1588180209,'correct'),(1165,19,37,1589469531,1589469557,'wrong'),(1166,19,20,1590666599,1590667182,'correct'),(1167,19,55,1594488308,1594522394,'correct'),(1168,19,40,1587960104,1588046887,'correct'),(1169,20,56,1594815299,1594815648,'correct'),(1170,20,37,1589469685,1589469825,'correct'),(1171,20,27,1596641438,1596698998,'correct'),(1172,20,22,1589701323,1589701326,'wrong'),(1173,20,11,1593295050,1593295478,'wrong'),(1174,20,57,1597077736,1597077742,'wrong'),(1175,20,46,1590496529,1590498130,'correct'),(1176,20,61,1598544836,1598544855,'correct'),(1177,20,13,1594246797,1594247070,'correct'),(1178,20,33,1588545322,1588545577,'correct'),(1179,20,22,1589701402,1589701411,'wrong'),(1180,20,22,1589701486,1589701491,'wrong'),(1181,20,64,1600060438,1600060447,'correct'),(1182,20,14,1595362438,1595364987,'correct'),(1183,20,48,1599673683,1599675042,'correct'),(1184,20,31,1592037963,1592039019,'correct'),(1185,20,57,1596740929,1597077712,'correct'),(1186,20,43,1594934346,1594934353,'correct'),(1187,20,49,1594485063,1594485072,'correct'),(1188,20,11,1593295487,1593295558,'correct'),(1189,20,22,1589701503,1589701508,'correct'),(1190,20,4,1590946437,1590947187,'correct'),(1191,20,55,1594523758,1594523954,'wrong'),(1192,20,32,1594398877,1594399308,'correct'),(1193,20,1,1591219054,1591219094,'correct'),(1194,20,55,1594524348,1594524575,'correct'),(1195,20,55,1594524132,1594524340,'wrong'),(1196,20,44,1590502713,1590503019,'correct'),(1197,20,23,1590344028,1590344127,'correct'),(1198,20,62,1599999692,1599999697,'correct'),(1199,20,45,1588699914,1589273843,'correct'),(1200,20,23,1590344010,1590344026,'wrong'),(1201,20,61,1598544089,1598544771,'wrong'),(1202,20,55,1594522483,1594523741,'wrong'),(1203,20,53,1594457401,1594459953,'correct'),(1204,20,43,1594933759,1594934324,'wrong'),(1205,20,54,1599997322,1600007440,'correct'),(1206,20,12,1595093761,1595268897,'correct'),(1207,20,23,1590344003,1590344007,'wrong'),(1208,20,15,1589895301,1589978157,'correct'),(1209,20,23,1590343897,1590344000,'wrong'),(1210,20,40,1588047562,1588047564,'wrong'),(1211,20,7,1598895661,1598896393,'wrong'),(1212,20,40,1588047172,1588047175,'wrong'),(1213,20,20,1590667226,1590667733,'correct'),(1214,20,40,1588047412,1588047418,'wrong'),(1215,20,40,1587960104,1588047090,'wrong'),(1216,20,25,1598268939,1598269154,'correct'),(1217,20,1,1591218513,1591218796,'wrong'),(1218,20,40,1588047617,1588047626,'wrong'),(1219,20,7,1598896403,1598896411,'correct'),(1220,20,24,1586880676,1586880873,'wrong'),(1221,20,50,1593591337,1593591401,'correct'),(1222,20,40,1588047508,1588047510,'wrong'),(1223,20,42,1597049601,1597569315,'correct'),(1224,20,1,1591219027,1591219034,'wrong'),(1225,20,40,1588047198,1588047201,'wrong'),(1226,20,40,1588047111,1588047116,'wrong'),(1227,20,40,1588931662,1588931668,'wrong'),(1228,20,51,1599117857,1599117866,'correct'),(1229,20,51,1599117597,1599117756,'wrong'),(1230,20,59,1597688078,1597692549,'correct'),(1231,20,40,1588931853,1588931862,'wrong'),(1232,20,40,1588931528,1588931646,'wrong'),(1233,20,40,1588931868,1588931900,'wrong'),(1234,20,36,1596492130,1596525930,'correct'),(1235,20,40,1588931788,1588931792,'wrong'),(1236,20,41,1599561377,1599561882,'correct'),(1237,20,40,1588931285,1588931502,'wrong'),(1238,20,40,1588931919,1588931932,'correct'),(1239,20,30,1597047661,1597048729,'correct'),(1240,20,28,1588367548,1588400119,'correct'),(1241,20,8,1594550453,1594550855,'correct'),(1242,20,51,1599117830,1599117836,'wrong'),(1243,20,40,1588047330,1588047332,'wrong'),(1244,20,40,1588931675,1588931695,'wrong'),(1245,20,1,1591219014,1591219021,'wrong'),(1246,20,40,1588047462,1588047465,'wrong'),(1247,20,22,1589701079,1589701309,'wrong'),(1248,20,57,1597077753,1597077759,'correct'),(1249,20,24,1586880977,1586880982,'correct'),(1250,20,24,1586880883,1586880901,'wrong'),(1251,20,60,1598964393,1598964898,'correct'),(1252,20,39,1590928291,1590928510,'correct'),(1253,20,10,1593541801,1593542127,'correct'),(1254,20,62,1599821653,1599999625,'correct'),(1255,20,1,1591218985,1591218997,'wrong'),(1256,20,1,1591218912,1591218954,'wrong'),(1257,20,52,1598293566,1598293855,'correct'),(1258,20,34,1598454611,1598455033,'wrong'),(1259,20,49,1594483916,1594485026,'wrong'),(1260,20,34,1598455046,1598455060,'correct'),(1261,20,24,1586880908,1586880972,'wrong'),(1262,20,64,1600060217,1600060425,'wrong'),(1263,20,50,1593591038,1593591320,'wrong'),(1264,20,19,1591106648,1591115088,'wrong'),(1265,20,3,1591783123,1591783128,'correct'),(1266,20,19,1591115103,1591115109,'wrong'),(1267,20,19,1591115122,1591115148,'correct'),(1268,20,6,1599202451,1599202657,'correct'),(1269,20,2,1587786839,1587786934,'correct'),(1270,20,18,1587093729,1587093734,'correct'),(1271,20,40,1588056841,1588056844,'correct'),(1272,20,9,1588180440,1588181858,'wrong'),(1273,20,35,1593632056,1593632067,'correct'),(1274,20,35,1593630863,1593632043,'wrong'),(1275,20,3,1591782849,1591783072,'wrong'),(1276,20,9,1588181879,1588181888,'correct'),(1277,20,21,1594982414,1594984841,'correct'),(1278,20,26,1597125261,1597125449,'correct'),(1279,20,3,1591783092,1591783101,'wrong'),(1280,81,27,1597395700,1597395854,'correct'),(1281,81,30,1597479633,1597511550,'correct'),(1282,81,18,1588392061,1588392399,'correct'),(1283,81,53,1594907009,1594911476,'correct'),(1284,81,39,1591084838,1591085019,'wrong'),(1285,81,39,1591085035,1591085049,'correct'),(1286,81,31,1593342530,1593451547,'correct'),(1287,81,20,1591546772,1591547137,'correct'),(1288,81,40,1594399088,1594399100,'correct'),(1289,81,40,1594399079,1594399085,'wrong'),(1290,81,40,1594398426,1594399068,'wrong'),(1291,81,20,1591190198,1591190736,'correct'),(1292,81,9,1588594855,1588594868,'correct'),(1293,81,51,1599124869,1599124875,'correct'),(1294,81,51,1599124735,1599124855,'wrong'),(1295,81,4,1595512132,1595512633,'wrong'),(1296,81,50,1596186304,1596187018,'correct'),(1297,81,52,1598903810,1598905143,'correct'),(1298,81,9,1588589160,1588589546,'wrong'),(1299,81,9,1588589570,1588589621,'correct'),(1300,81,49,1594724838,1594731852,'correct'),(1301,81,48,1599757352,1599853215,'correct'),(1302,81,46,1590788504,1590789160,'correct'),(1303,81,11,1593349984,1593352287,'correct'),(1304,81,44,1591004386,1591004968,'correct'),(1305,81,13,1594574749,1594575495,'correct'),(1306,81,15,1590489122,1590489243,'wrong'),(1307,81,15,1590489252,1590489282,'correct'),(1308,81,43,1595740415,1595740683,'correct'),(1309,81,15,1597754768,1597754793,'wrong'),(1310,81,15,1597754804,1597754823,'correct'),(1311,81,42,1598354959,1598355780,'correct'),(1312,81,61,1598902328,1598945139,'correct'),(1313,81,56,1596103365,1596103826,'wrong'),(1314,81,4,1595512646,1595512666,'correct'),(1315,81,23,1590986148,1590986152,'correct'),(1316,81,56,1596103831,1596190648,'correct'),(1317,81,36,1596792209,1596792407,'wrong'),(1318,81,36,1596792485,1596792510,'correct'),(1319,81,34,1599735755,1599826843,'correct'),(1320,81,26,1597224094,1597225104,'correct'),(1321,81,60,1599052645,1599053031,'correct'),(1322,81,24,1588847725,1588878841,'correct'),(1323,81,59,1597936966,1597937498,'correct'),(1324,81,34,1599735071,1599735752,'correct'),(1325,82,13,1594576192,1594585732,'correct'),(1326,82,11,1593352290,1593352709,'correct'),(1327,82,24,1589131263,1589131265,'wrong'),(1328,82,24,1589131267,1589131273,'wrong'),(1329,82,27,1597396195,1597396357,'wrong'),(1330,82,26,1597225111,1597336545,'correct'),(1331,82,24,1589131413,1589132535,'wrong'),(1332,82,15,1594215874,1594215879,'wrong'),(1333,82,18,1588392405,1588392414,'correct'),(1334,82,27,1597396463,1597396514,'correct'),(1335,82,27,1597396360,1597396459,'wrong'),(1336,82,15,1590489286,1590489681,'correct'),(1337,82,24,1589130891,1589130896,'wrong'),(1338,82,23,1590986158,1590986167,'correct'),(1339,82,24,1589131212,1589131216,'wrong'),(1340,82,24,1589131176,1589131208,'wrong'),(1341,82,24,1589130908,1589131168,'wrong'),(1342,82,24,1589131230,1589131260,'wrong'),(1343,82,9,1588589639,1588595049,'wrong'),(1344,82,24,1589132538,1589132548,'correct'),(1345,82,24,1588878846,1589130885,'wrong'),(1346,82,24,1589131275,1589131282,'wrong'),(1347,82,24,1589130900,1589130905,'wrong'),(1348,82,24,1589131219,1589131224,'wrong'),(1349,82,9,1588595224,1588595263,'correct'),(1350,82,4,1595512672,1595513130,'correct'),(1351,82,24,1589131284,1589131302,'wrong'),(1352,82,20,1591193236,1591193477,'correct'),(1353,82,24,1589131399,1589131407,'wrong'),(1354,82,9,1588595082,1588595189,'wrong'),(1355,82,59,1597937501,1597938192,'wrong'),(1356,82,34,1599735786,1599736124,'correct'),(1357,82,53,1594913028,1594914701,'correct'),(1358,82,44,1591004979,1591005505,'correct'),(1359,82,50,1596189232,1596190626,'correct'),(1360,82,59,1597938199,1597938207,'correct'),(1361,82,51,1599124888,1599125220,'wrong'),(1362,82,30,1597482365,1597511839,'correct'),(1363,82,36,1596792513,1596792899,'correct'),(1364,82,52,1598905146,1598905734,'correct'),(1365,82,56,1596190655,1596191124,'correct'),(1366,82,43,1595788480,1595788487,'correct'),(1367,82,39,1591085051,1591085284,'correct'),(1368,82,42,1598355786,1598356377,'correct'),(1369,82,46,1590789229,1590790023,'correct'),(1370,82,60,1599053033,1599053800,'correct'),(1371,82,51,1599125230,1599125244,'correct'),(1372,82,49,1594731855,1594732142,'correct'),(1373,82,43,1595740430,1595788471,'wrong'),(1374,82,48,1599853218,1599854347,'correct'),(1375,82,27,1597396142,1597396193,'wrong'),(1376,82,61,1598954019,1598954030,'correct'),(1377,82,27,1597395860,1597396135,'wrong'),(1378,82,40,1594399835,1594400054,'correct'),(1379,82,31,1593451691,1593453012,'correct'),(1380,82,61,1598902327,1598954010,'wrong'),(1381,83,34,1599736974,1599736988,'correct'),(1382,83,34,1599736900,1599736908,'wrong'),(1383,83,50,1596190698,1596445624,'wrong'),(1384,83,34,1599827910,1599828201,'wrong'),(1385,83,18,1588392434,1588392460,'correct'),(1386,83,42,1598356383,1598357665,'correct'),(1387,83,34,1599736876,1599736891,'wrong'),(1388,83,9,1588596966,1588597538,'wrong'),(1389,83,9,1588597600,1588597610,'correct'),(1390,83,34,1599828207,1599828219,'correct'),(1391,83,43,1595788855,1595788878,'wrong'),(1392,83,11,1593352712,1593353242,'correct'),(1393,83,46,1590790082,1590792061,'correct'),(1394,83,44,1591005518,1591006071,'correct'),(1395,83,48,1599757385,1599855627,'correct'),(1396,83,49,1594732145,1594732603,'wrong'),(1397,83,49,1594732610,1594732659,'correct'),(1398,83,24,1589132550,1589133537,'wrong'),(1399,83,50,1596445686,1596445802,'wrong'),(1400,83,43,1595788771,1595788842,'wrong'),(1401,83,15,1590489685,1590490109,'correct'),(1402,83,43,1595788891,1595788898,'correct'),(1403,83,24,1589133541,1589133546,'wrong'),(1404,83,9,1588597540,1588597542,'wrong'),(1405,83,24,1589133548,1589133564,'correct'),(1406,83,50,1596445865,1596445877,'correct'),(1407,83,34,1599736128,1599736867,'wrong'),(1408,83,9,1588597545,1588597581,'wrong'),(1409,83,50,1596445639,1596445679,'wrong'),(1410,83,43,1595740432,1595788745,'wrong'),(1411,83,40,1594400632,1594400646,'wrong'),(1412,83,23,1590986170,1590986186,'correct'),(1413,83,40,1594400763,1594400780,'correct'),(1414,83,60,1599053803,1599054385,'wrong'),(1415,83,30,1597511843,1597512328,'correct'),(1416,83,36,1596793445,1596793450,'correct'),(1417,83,39,1591085288,1591085718,'correct'),(1418,83,4,1595513133,1595537100,'correct'),(1419,83,60,1599054390,1599054848,'correct'),(1420,83,61,1598957161,1598957181,'wrong'),(1421,83,27,1597396969,1597396974,'correct'),(1422,83,59,1597948169,1597948173,'wrong'),(1423,83,59,1597948157,1597948165,'wrong'),(1424,83,59,1597948070,1597948121,'wrong'),(1425,83,59,1597948135,1597948150,'wrong'),(1426,83,56,1596191127,1596191880,'correct'),(1427,83,59,1597946996,1597948062,'wrong'),(1428,83,40,1594400584,1594400599,'wrong'),(1429,83,61,1598957202,1598957275,'correct'),(1430,83,27,1597396517,1597396949,'wrong'),(1431,83,51,1599125248,1599503222,'wrong'),(1432,83,51,1599503238,1599503277,'wrong'),(1433,83,36,1596792939,1596793438,'wrong'),(1434,83,31,1593451698,1593536404,'correct'),(1435,83,51,1599503306,1599503324,'correct'),(1436,83,40,1594400691,1594400718,'wrong'),(1437,83,20,1591193678,1591206893,'correct'),(1438,83,40,1594400058,1594400402,'wrong'),(1439,83,61,1598902327,1598957130,'wrong'),(1440,83,52,1598906424,1598906430,'correct'),(1441,83,52,1598905739,1598906412,'wrong'),(1442,83,53,1594914726,1594916488,'correct'),(1443,83,40,1594400510,1594400542,'wrong'),(1444,83,40,1594400660,1594400668,'wrong'),(1445,83,51,1599503284,1599503294,'wrong'),(1446,84,15,1590490462,1590490465,'correct'),(1447,84,36,1596793460,1596793818,'correct'),(1448,84,44,1591006074,1591007023,'correct'),(1449,84,24,1589133569,1589133756,'wrong'),(1450,84,15,1590490115,1590490448,'wrong'),(1451,84,9,1588670636,1588670657,'wrong'),(1452,84,42,1598358362,1598358630,'correct'),(1453,84,42,1598357672,1598358354,'wrong'),(1454,84,20,1591207564,1591207577,'correct'),(1455,84,20,1591206931,1591207560,'wrong'),(1456,84,18,1588392466,1588392493,'correct'),(1457,84,43,1595877057,1595877084,'wrong'),(1458,84,39,1591085720,1591086035,'correct'),(1459,84,43,1595876796,1595876819,'wrong'),(1460,84,43,1595877105,1595877126,'correct'),(1461,84,43,1595876980,1595877026,'wrong'),(1462,84,24,1589133774,1589133807,'correct'),(1463,84,43,1595876953,1595876958,'wrong'),(1464,84,43,1595876835,1595876847,'wrong'),(1465,84,23,1590986188,1590986197,'correct'),(1466,84,43,1595788498,1595876764,'wrong'),(1467,84,40,1594400784,1594403756,'correct'),(1468,84,9,1588670740,1588670763,'wrong'),(1469,84,34,1599737002,1599737288,'correct'),(1470,84,34,1599828224,1599828457,'correct'),(1471,84,50,1596191415,1596446354,'correct'),(1472,84,56,1596191884,1596361602,'correct'),(1473,84,59,1597948762,1597952916,'correct'),(1474,84,52,1598906436,1599150660,'correct'),(1475,84,60,1599054850,1599055345,'correct'),(1476,84,30,1597512336,1597572191,'correct'),(1477,84,9,1588603926,1588604607,'wrong'),(1478,84,9,1588670499,1588670522,'wrong'),(1479,84,4,1595364040,1595852834,'correct'),(1480,84,9,1588670681,1588670722,'wrong'),(1481,84,9,1588670936,1588670960,'correct'),(1482,84,51,1599125511,1599503492,'wrong'),(1483,84,9,1588670539,1588670617,'wrong'),(1484,84,53,1594924346,1594925139,'correct'),(1485,84,9,1588670300,1588670310,'wrong'),(1486,84,27,1597396980,1597398897,'correct'),(1487,84,9,1588659811,1588659837,'wrong'),(1488,84,31,1593451701,1593611201,'correct'),(1489,84,11,1593353246,1593354056,'correct'),(1490,84,24,1589133768,1589133771,'wrong'),(1491,84,9,1588670841,1588670856,'wrong'),(1492,84,46,1590793542,1590794463,'correct'),(1493,84,48,1599757386,1599763558,'correct'),(1494,84,49,1594732765,1594733043,'correct'),(1495,84,51,1599503495,1599503502,'correct'),(1496,85,40,1594404784,1594404857,'correct'),(1497,85,40,1594403761,1594404755,'wrong'),(1498,85,53,1594925695,1594964285,'correct'),(1499,85,4,1595852972,1595856889,'wrong'),(1500,85,4,1595856930,1595857488,'correct'),(1501,85,59,1597952920,1597954395,'correct'),(1502,85,20,1591545391,1591545959,'correct'),(1503,85,39,1591086037,1591087922,'correct'),(1504,85,56,1596362172,1596362308,'correct'),(1505,85,56,1596361617,1596362058,'wrong'),(1506,85,23,1590986200,1590986209,'correct'),(1507,85,36,1596794384,1596794396,'wrong'),(1508,85,36,1596794270,1596794292,'wrong'),(1509,85,51,1599126082,1599126087,'wrong'),(1510,85,60,1599055405,1599056035,'correct'),(1511,85,36,1596794298,1596794306,'wrong'),(1512,85,36,1596794308,1596794310,'wrong'),(1513,85,36,1596794313,1596794319,'wrong'),(1514,85,36,1596794323,1596794332,'wrong'),(1515,85,36,1596794375,1596794379,'wrong'),(1516,85,36,1596793825,1596794146,'wrong'),(1517,85,36,1596794200,1596794254,'wrong'),(1518,85,9,1588605638,1588605653,'correct'),(1519,85,44,1591007025,1591007586,'correct'),(1520,85,48,1599763573,1599765150,'correct'),(1521,85,11,1593354059,1593354715,'correct'),(1522,85,36,1596794444,1596794483,'wrong'),(1523,85,15,1590509119,1590509256,'correct'),(1524,85,43,1595877624,1595877645,'wrong'),(1525,85,9,1588605547,1588605623,'wrong'),(1526,85,9,1588605423,1588605510,'wrong'),(1527,85,50,1596446520,1596803795,'wrong'),(1528,85,43,1595788902,1595877383,'wrong'),(1529,85,43,1595877392,1595877410,'wrong'),(1530,85,43,1595877507,1595877537,'wrong'),(1531,85,51,1599125717,1599126020,'wrong'),(1532,85,43,1595877663,1595877679,'correct'),(1533,85,52,1599150663,1599151238,'wrong'),(1534,85,50,1596803801,1597048009,'correct'),(1535,85,36,1596794869,1596794884,'wrong'),(1536,85,15,1590490468,1590509111,'wrong'),(1537,85,18,1588392809,1588392815,'correct'),(1538,85,18,1588392507,1588392794,'wrong'),(1539,85,51,1599126048,1599126077,'wrong'),(1540,85,46,1590794532,1590843360,'correct'),(1541,85,42,1598359973,1598360393,'wrong'),(1542,85,49,1594733050,1594733257,'correct'),(1543,85,9,1588605215,1588605407,'wrong'),(1544,85,42,1598357728,1598359969,'wrong'),(1545,85,51,1599126092,1599126118,'correct'),(1546,85,52,1599151333,1599151419,'correct'),(1547,85,43,1595877600,1595877611,'wrong'),(1548,85,34,1599738781,1599738969,'correct'),(1549,85,24,1589135070,1589135100,'wrong'),(1550,85,24,1589135103,1589136600,'wrong'),(1551,85,36,1596795105,1596795109,'correct'),(1552,85,36,1596794857,1596794864,'wrong'),(1553,85,34,1599737290,1599738735,'wrong'),(1554,85,34,1599738763,1599738775,'wrong'),(1555,85,30,1597572193,1597575352,'correct'),(1556,85,31,1593451703,1593612315,'correct'),(1557,85,36,1596794740,1596794787,'wrong'),(1558,85,36,1596795087,1596795100,'wrong'),(1559,85,24,1589133810,1589134736,'wrong'),(1560,85,36,1596794911,1596794947,'wrong'),(1561,85,34,1599738741,1599738748,'wrong'),(1562,85,27,1597398899,1597399945,'wrong'),(1563,85,36,1596794553,1596794565,'wrong'),(1564,85,36,1596794578,1596794584,'wrong'),(1565,85,36,1596795047,1596795060,'wrong'),(1566,85,27,1597399951,1597400157,'correct'),(1567,85,36,1596794588,1596794641,'wrong'),(1568,85,36,1596794716,1596794736,'wrong'),(1569,85,36,1596795030,1596795041,'wrong'),(1570,85,36,1596794537,1596794544,'wrong'),(1571,85,36,1596794994,1596795020,'wrong'),(1572,85,36,1596794347,1596794363,'wrong'),(1573,85,36,1596794183,1596794189,'wrong'),(1574,85,36,1596794151,1596794169,'wrong'),(1575,86,56,1596362312,1596461775,'correct'),(1576,86,15,1590509269,1590561711,'correct'),(1577,86,23,1590986214,1590986224,'correct'),(1578,86,49,1594733261,1594733953,'correct'),(1579,86,43,1596229653,1596229668,'wrong'),(1580,86,43,1596230310,1596230329,'wrong'),(1581,86,18,1588392984,1588393016,'wrong'),(1582,86,53,1594964566,1594975830,'correct'),(1583,86,40,1594404865,1594406846,'correct'),(1584,86,4,1595860298,1595860359,'correct'),(1585,86,4,1595857887,1595860264,'wrong'),(1586,86,43,1596053192,1596053231,'wrong'),(1587,86,43,1596229989,1596230000,'wrong'),(1588,86,46,1590843495,1590845257,'correct'),(1589,86,51,1599503846,1599503857,'correct'),(1590,86,51,1599126124,1599503810,'wrong'),(1591,86,18,1592465032,1592465042,'wrong'),(1592,86,43,1596052997,1596053015,'wrong'),(1593,86,39,1591087930,1591088881,'correct'),(1594,86,51,1599503825,1599503831,'wrong'),(1595,86,18,1592465059,1592465065,'correct'),(1596,86,52,1599151422,1599419148,'correct'),(1597,86,44,1591007589,1591008219,'correct'),(1598,86,46,1590846082,1590846092,'correct'),(1599,86,43,1596230191,1596230275,'wrong'),(1600,86,36,1596795875,1596795925,'wrong'),(1601,86,30,1597575354,1597577693,'correct'),(1602,86,24,1589136848,1589200129,'correct'),(1603,86,18,1588392820,1588392972,'wrong'),(1604,86,43,1596053360,1596053444,'wrong'),(1605,86,20,1591547690,1591549249,'correct'),(1606,86,31,1593451706,1593625285,'correct'),(1607,86,18,1589873799,1589873875,'wrong'),(1608,86,27,1597400235,1597409472,'correct'),(1609,86,43,1596053247,1596053261,'wrong'),(1610,86,59,1597954399,1597957593,'wrong'),(1611,86,9,1588607755,1588608281,'wrong'),(1612,86,60,1599056038,1599058065,'correct'),(1613,86,43,1596053104,1596053106,'wrong'),(1614,86,60,1599058433,1599058864,'correct'),(1615,86,43,1596053087,1596053094,'wrong'),(1616,86,43,1596229772,1596229782,'wrong'),(1617,86,43,1596230127,1596230152,'wrong'),(1618,86,43,1595877141,1596052899,'wrong'),(1619,86,43,1596053076,1596053083,'wrong'),(1620,86,59,1597957607,1597957630,'correct'),(1621,86,43,1596053046,1596053065,'wrong'),(1622,86,43,1596230045,1596230063,'wrong'),(1623,86,43,1596229523,1596229544,'wrong'),(1624,86,43,1596053301,1596053313,'wrong'),(1625,86,43,1596053474,1596229505,'wrong'),(1626,86,43,1596229597,1596229635,'wrong'),(1627,86,43,1596229672,1596229694,'wrong'),(1628,86,43,1596229712,1596229768,'wrong'),(1629,86,43,1596230011,1596230038,'wrong'),(1630,86,43,1596230071,1596230098,'wrong'),(1631,86,43,1596053328,1596053343,'wrong'),(1632,86,43,1596229794,1596229821,'wrong'),(1633,86,43,1596229952,1596229977,'wrong'),(1634,86,34,1599746572,1599748772,'wrong'),(1635,86,43,1596229824,1596229832,'wrong'),(1636,86,18,1588668317,1588670043,'wrong'),(1637,86,43,1596229880,1596229888,'wrong'),(1638,86,36,1596795968,1596795992,'correct'),(1639,86,36,1596795192,1596795838,'wrong'),(1640,86,9,1588608292,1588608307,'correct'),(1641,86,36,1596795953,1596795965,'wrong'),(1642,86,43,1596230336,1596230345,'correct'),(1643,86,34,1599748776,1599750598,'correct'),(1644,86,36,1596795928,1596795931,'wrong'),(1645,86,43,1596053447,1596053470,'wrong'),(1646,86,43,1596230158,1596230167,'wrong'),(1647,87,9,1588608820,1588609852,'wrong'),(1648,87,34,1599889783,1599889805,'correct'),(1649,87,20,1592407469,1592408669,'correct'),(1650,87,36,1596797724,1596797916,'wrong'),(1651,87,43,1596916988,1596916995,'wrong'),(1652,87,24,1589208240,1589208262,'wrong'),(1653,87,36,1596796684,1596797159,'wrong'),(1654,87,24,1589200133,1589208183,'wrong'),(1655,87,36,1596797967,1596798004,'wrong'),(1656,87,43,1596231142,1596231259,'wrong'),(1657,87,36,1596798380,1596798383,'wrong'),(1658,87,36,1596797656,1596797719,'wrong'),(1659,87,43,1596231263,1596231276,'wrong'),(1660,87,34,1599821562,1599889773,'wrong'),(1661,87,9,1588610053,1588610090,'wrong'),(1662,87,18,1592465102,1592465113,'correct'),(1663,87,9,1588610109,1588610123,'correct'),(1664,87,9,1588609867,1588609874,'wrong'),(1665,87,43,1596231283,1596231363,'wrong'),(1666,87,36,1596796035,1596796597,'wrong'),(1667,87,43,1596230671,1596230701,'wrong'),(1668,87,43,1596230993,1596231088,'wrong'),(1669,87,43,1596231096,1596231104,'wrong'),(1670,87,49,1594738173,1594788741,'correct'),(1671,87,15,1590561717,1590737101,'wrong'),(1672,87,23,1590986225,1590986236,'correct'),(1673,87,4,1595364047,1595864900,'correct'),(1674,87,36,1596798316,1596798323,'wrong'),(1675,87,36,1596798311,1596798314,'wrong'),(1676,87,43,1596231109,1596231124,'wrong'),(1677,87,30,1597577696,1597579240,'correct'),(1678,87,53,1594977480,1594986209,'wrong'),(1679,87,36,1596796620,1596796676,'wrong'),(1680,87,36,1596797587,1596797632,'wrong'),(1681,87,36,1596797922,1596797926,'wrong'),(1682,87,59,1597954423,1598003747,'wrong'),(1683,87,36,1596798039,1596798306,'wrong'),(1684,87,43,1596481905,1596916667,'wrong'),(1685,87,59,1598003771,1598004231,'correct'),(1686,87,46,1590846105,1590873262,'correct'),(1687,87,36,1596798387,1596798458,'correct'),(1688,87,60,1599058998,1599060302,'correct'),(1689,87,36,1596797193,1596797579,'wrong'),(1690,87,27,1597409770,1597411371,'correct'),(1691,87,30,1597579527,1597579637,'correct'),(1692,87,43,1596916823,1596916836,'wrong'),(1693,87,31,1593451709,1593700357,'correct'),(1694,87,15,1590737123,1590737529,'correct'),(1695,87,40,1594406854,1594408431,'wrong'),(1696,87,40,1594408493,1594408740,'correct'),(1697,87,44,1591008231,1591095607,'correct'),(1698,87,39,1591088929,1591089782,'correct'),(1699,87,51,1599126244,1599505751,'wrong'),(1700,87,36,1596797639,1596797653,'wrong'),(1701,87,49,1594734063,1594738167,'wrong'),(1702,87,43,1596916857,1596916979,'wrong'),(1703,87,36,1596798337,1596798343,'wrong'),(1704,87,43,1596916691,1596916733,'wrong'),(1705,87,43,1596230706,1596230761,'wrong'),(1706,87,43,1596230932,1596230986,'wrong'),(1707,87,43,1596917006,1596917015,'correct'),(1708,87,52,1599419429,1599481623,'correct'),(1709,87,43,1596230871,1596230929,'wrong'),(1710,87,15,1590737104,1590737113,'wrong'),(1711,87,53,1594986223,1594987095,'correct'),(1712,87,43,1596230782,1596230807,'wrong'),(1713,87,43,1596231395,1596481895,'wrong'),(1714,87,43,1595877699,1596230667,'wrong'),(1715,88,60,1599060307,1599060885,'correct'),(1716,88,36,1596800347,1596800352,'correct'),(1717,88,59,1598004245,1598006118,'correct'),(1718,88,27,1597411387,1597425291,'correct'),(1719,88,43,1596917484,1596917512,'correct'),(1720,88,50,1596803838,1597051884,'wrong'),(1721,88,40,1594408815,1594410222,'wrong'),(1722,88,43,1596916625,1596917307,'wrong'),(1723,88,18,1592465116,1592465144,'correct'),(1724,88,43,1596917459,1596917475,'wrong'),(1725,88,43,1596917447,1596917454,'wrong'),(1726,88,43,1596917426,1596917443,'wrong'),(1727,88,49,1594787916,1594789203,'correct'),(1728,88,43,1596917409,1596917414,'wrong'),(1729,88,36,1596800270,1596800340,'wrong'),(1730,88,43,1596917372,1596917391,'wrong'),(1731,88,34,1599890390,1599907172,'correct'),(1732,88,46,1591216729,1591217674,'correct'),(1733,88,44,1591095636,1591096072,'correct'),(1734,88,15,1591078115,1591078119,'wrong'),(1735,88,15,1591077697,1591078256,'wrong'),(1736,88,15,1591077697,1591078109,'wrong'),(1737,88,15,1591078267,1591078286,'wrong'),(1738,88,15,1591078291,1591078430,'wrong'),(1739,88,15,1591078433,1591078439,'wrong'),(1740,88,15,1591078442,1591078455,'wrong'),(1741,88,15,1591078458,1591078476,'correct'),(1742,88,43,1596917394,1596917407,'wrong'),(1743,88,51,1599506897,1599506923,'wrong'),(1744,88,36,1596800212,1596800217,'wrong'),(1745,88,30,1597579345,1597582419,'correct'),(1746,88,36,1596798500,1596800209,'wrong'),(1747,88,4,1595865287,1595869965,'correct'),(1748,88,56,1596460898,1596709333,'correct'),(1749,88,53,1594982554,1594989294,'correct'),(1750,88,52,1599486603,1599486617,'wrong'),(1751,88,52,1599486629,1599486662,'correct'),(1752,88,52,1599481626,1599486582,'wrong'),(1753,88,43,1596917339,1596917369,'wrong'),(1754,88,51,1599506927,1599507061,'correct'),(1755,88,40,1594410361,1594410377,'correct'),(1756,88,51,1599506863,1599506889,'wrong'),(1757,88,51,1599506853,1599506860,'wrong'),(1758,88,51,1599126603,1599506841,'wrong'),(1759,88,39,1591091222,1591091235,'correct'),(1760,88,39,1591089789,1591091165,'correct'),(1761,88,31,1593707970,1593708216,'correct'),(1762,88,20,1592408742,1592409329,'correct'),(1763,88,31,1593451712,1593707943,'wrong'),(1764,100,59,1598019214,1598019425,'correct'),(1765,100,23,1590986418,1590986438,'correct'),(1766,100,56,1597915030,1597915032,'correct'),(1767,100,36,1596800490,1596800674,'wrong'),(1768,100,4,1595930138,1595935440,'correct'),(1769,100,56,1597914969,1597915027,'wrong'),(1770,100,36,1596800680,1596800693,'correct'),(1771,100,30,1597661305,1597661581,'correct'),(1772,100,24,1589272404,1589272790,'correct'),(1773,100,9,1588750647,1588750956,'correct'),(1774,100,46,1591048678,1591048944,'correct'),(1775,100,60,1599073194,1599073634,'wrong'),(1776,100,18,1588393080,1588393114,'wrong'),(1777,100,18,1588393315,1588393319,'correct'),(1778,100,18,1588393205,1588393214,'wrong'),(1779,100,15,1590568951,1590569422,'correct'),(1780,100,49,1594813748,1594814042,'correct'),(1781,100,18,1588393295,1588393310,'wrong'),(1782,100,18,1588393128,1588393132,'wrong'),(1783,100,60,1599073643,1599073653,'correct'),(1784,100,50,1599463423,1599463768,'correct'),(1785,100,43,1596230383,1596572757,'correct'),(1786,100,18,1588393136,1588393140,'wrong'),(1787,100,39,1591099270,1591099509,'correct'),(1788,100,51,1599743490,1599743495,'correct'),(1789,100,53,1595062223,1595062986,'correct'),(1790,100,20,1591544807,1592410831,'wrong'),(1791,100,31,1593886378,1593947191,'correct'),(1792,100,20,1592410834,1592410842,'correct'),(1793,100,44,1591106006,1591472321,'correct'),(1794,100,51,1599126782,1599743486,'wrong'),(1795,100,52,1599516661,1599516979,'correct'),(1796,100,27,1597763533,1597763810,'correct'),(1797,101,24,1589272792,1589288967,'correct'),(1798,101,27,1597763830,1597763988,'correct'),(1799,101,49,1594814045,1594814086,'correct'),(1800,101,15,1590569425,1590569471,'correct'),(1801,101,46,1591048948,1591049201,'correct'),(1802,101,59,1598019441,1598019942,'correct'),(1803,101,56,1597915066,1597915126,'correct'),(1804,101,44,1591472342,1591472507,'correct'),(1805,101,20,1592410863,1592411037,'correct'),(1806,101,53,1595063008,1595063821,'correct'),(1807,101,30,1597661583,1597662781,'correct'),(1808,101,39,1591099511,1591099681,'correct'),(1809,101,4,1595935510,1595936098,'correct'),(1810,101,36,1596800735,1596800908,'correct'),(1811,101,9,1588750958,1588751271,'correct'),(1812,101,31,1593947230,1593948334,'correct'),(1813,101,23,1590986440,1590986468,'correct'),(1814,101,18,1588393219,1588393259,'correct'),(1815,101,43,1596230384,1596573011,'correct'),(1816,101,50,1599463832,1599463919,'correct'),(1817,101,60,1599073250,1599073963,'correct'),(1818,101,51,1599126785,1599743531,'correct'),(1819,103,43,1596573541,1596573553,'wrong'),(1820,103,9,1588755212,1588755308,'correct'),(1821,103,9,1588755194,1588755199,'wrong'),(1822,103,15,1590570544,1590571129,'correct'),(1823,103,9,1588751674,1588755182,'wrong'),(1824,103,43,1596573579,1596573599,'wrong'),(1825,103,18,1588393351,1588393364,'correct'),(1826,103,27,1597773174,1597774133,'wrong'),(1827,103,49,1594814329,1594823959,'correct'),(1828,103,43,1596230389,1596573535,'wrong'),(1829,103,43,1596573652,1596573660,'wrong'),(1830,103,24,1589357009,1589357027,'correct'),(1831,103,36,1596814914,1596814919,'correct'),(1832,103,20,1592411497,1592412778,'correct'),(1833,103,36,1596814881,1596814901,'wrong'),(1834,103,31,1593537095,1593949575,'correct'),(1835,103,36,1596807623,1596814700,'wrong'),(1836,103,23,1590986473,1590986484,'correct'),(1837,103,44,1591472625,1591473418,'correct'),(1838,103,51,1599546941,1599547458,'wrong'),(1839,103,39,1591100025,1591100984,'wrong'),(1840,103,36,1596814733,1596814829,'wrong'),(1841,103,39,1591100988,1591101054,'wrong'),(1842,103,39,1591101073,1591101089,'correct'),(1843,103,30,1597662860,1597663607,'correct'),(1844,103,53,1595065843,1595066566,'wrong'),(1845,103,50,1599463966,1599464580,'correct'),(1846,103,4,1595938841,1595942940,'correct'),(1847,103,53,1595066589,1595066690,'correct'),(1848,103,51,1599547624,1599547635,'correct'),(1849,103,59,1598020081,1598034466,'correct'),(1850,103,27,1597774143,1597774563,'correct'),(1851,103,43,1596573669,1596573679,'wrong'),(1852,103,43,1596573703,1596573727,'correct'),(1853,103,60,1599074207,1599075113,'correct'),(1854,103,46,1591049313,1591125897,'wrong'),(1855,103,24,1589297878,1589357001,'wrong'),(1856,103,24,1589297836,1589297840,'wrong'),(1857,103,24,1589293237,1589297804,'wrong'),(1858,103,24,1589293200,1589293230,'wrong'),(1859,103,46,1591125918,1591125934,'correct'),(1860,103,24,1589297823,1589297827,'wrong'),(1861,103,24,1589293075,1589293183,'wrong'),(1862,104,4,1595965031,1595965956,'wrong'),(1863,104,4,1595965971,1595966679,'wrong'),(1864,104,15,1590571136,1590571486,'wrong'),(1865,104,49,1594824009,1594824911,'correct'),(1866,104,30,1597825042,1597825061,'correct'),(1867,104,27,1597774566,1597777301,'correct'),(1868,104,36,1596824512,1596824515,'wrong'),(1869,104,43,1596689513,1596689551,'wrong'),(1870,104,15,1590571494,1590571642,'correct'),(1871,104,59,1598034724,1598035542,'correct'),(1872,104,9,1588755366,1588755644,'wrong'),(1873,104,36,1596815108,1596824492,'wrong'),(1874,104,24,1589288979,1589357128,'wrong'),(1875,104,24,1589357132,1589357147,'correct'),(1876,104,36,1596824536,1596824550,'wrong'),(1877,104,43,1596230389,1596689329,'wrong'),(1878,104,36,1596824518,1596824533,'wrong'),(1879,104,43,1596689381,1596689471,'wrong'),(1880,104,60,1599073999,1599075564,'correct'),(1881,104,31,1593537097,1593950452,'wrong'),(1882,104,43,1596689601,1596689635,'wrong'),(1883,104,50,1599464583,1599465414,'wrong'),(1884,104,43,1596689645,1596689656,'correct'),(1885,104,18,1588393368,1588393481,'correct'),(1886,104,31,1593950500,1593950516,'correct'),(1887,104,46,1591125948,1591126492,'correct'),(1888,104,43,1596689555,1596689584,'wrong'),(1889,104,9,1588756142,1588756152,'correct'),(1890,104,9,1588755763,1588755799,'wrong'),(1891,104,20,1592413986,1592415774,'wrong'),(1892,104,9,1588755725,1588755742,'wrong'),(1893,104,20,1592416128,1592416265,'correct'),(1894,104,20,1592415789,1592415805,'correct'),(1895,104,4,1595966732,1595967007,'correct'),(1896,104,36,1596824553,1596824559,'wrong'),(1897,104,50,1599466313,1599472151,'correct'),(1898,104,44,1591473420,1591476396,'correct'),(1899,104,23,1590986486,1590986494,'correct'),(1900,104,53,1595066961,1595069791,'correct'),(1901,104,36,1596824575,1596824588,'correct'),(1902,104,51,1599548019,1599548025,'correct'),(1903,104,9,1588755658,1588755677,'wrong'),(1904,104,39,1591101094,1591101943,'correct'),(1905,104,9,1588755703,1588755713,'wrong'),(1906,104,30,1597663610,1597825032,'wrong'),(1907,104,51,1599547645,1599548014,'wrong'),(1908,105,24,1589357775,1589357783,'wrong'),(1909,105,60,1599076435,1599076470,'wrong'),(1910,105,43,1596693609,1596693620,'wrong'),(1911,105,60,1599076381,1599076421,'wrong'),(1912,105,60,1599075678,1599076375,'wrong'),(1913,105,51,1599548044,1599548279,'correct'),(1914,105,24,1589357785,1589357812,'correct'),(1915,105,24,1589357675,1589357687,'wrong'),(1916,105,15,1591080559,1591080574,'wrong'),(1917,105,18,1592465570,1592465573,'correct'),(1918,105,46,1591126530,1591126814,'correct'),(1919,105,30,1597669681,1597824931,'correct'),(1920,105,24,1589357149,1589357566,'wrong'),(1921,105,39,1591102012,1591102286,'correct'),(1922,105,27,1597838524,1597838706,'correct'),(1923,105,9,1588756702,1588756783,'correct'),(1924,105,9,1588756693,1588756701,'wrong'),(1925,105,9,1588756665,1588756678,'wrong'),(1926,105,9,1588756623,1588756645,'wrong'),(1927,105,36,1596824623,1596825432,'correct'),(1928,105,15,1591080019,1591080538,'wrong'),(1929,105,24,1589357720,1589357754,'wrong'),(1930,105,43,1596693978,1596693995,'correct'),(1931,105,44,1591476402,1591476706,'correct'),(1932,105,50,1599472232,1599472565,'correct'),(1933,105,53,1595085631,1595085653,'correct'),(1934,105,43,1596483765,1596693596,'wrong'),(1935,105,43,1596693627,1596693673,'wrong'),(1936,105,39,1591101947,1591102000,'wrong'),(1937,105,9,1588756297,1588756612,'wrong'),(1938,105,15,1591080579,1591080841,'correct'),(1939,105,24,1589357570,1589357621,'wrong'),(1940,105,24,1589357623,1589357634,'wrong'),(1941,105,4,1595967027,1595967589,'correct'),(1942,105,24,1589357691,1589357715,'wrong'),(1943,105,24,1589357757,1589357772,'wrong'),(1944,105,49,1594824913,1594829586,'correct'),(1945,105,53,1595085538,1595085615,'wrong'),(1946,105,60,1599076487,1599076497,'correct'),(1947,105,20,1592471166,1592471977,'correct'),(1948,105,53,1595070123,1595085511,'wrong'),(1949,105,23,1590986496,1590986505,'correct'),(1950,105,31,1593537098,1593951428,'correct'),(1951,105,59,1598036621,1598037899,'correct'),(1952,106,9,1588756794,1588756993,'wrong'),(1953,106,51,1599548287,1599548538,'correct'),(1954,106,43,1596713040,1596713053,'wrong'),(1955,106,9,1588757005,1588757018,'correct'),(1956,106,43,1596230393,1596712674,'wrong'),(1957,106,49,1594829228,1594829899,'correct'),(1958,106,60,1599076499,1599077250,'correct'),(1959,106,50,1599472570,1599482159,'correct'),(1960,106,36,1596827915,1596827935,'correct'),(1961,106,20,1592472039,1592473698,'wrong'),(1962,106,36,1596827848,1596827882,'correct'),(1963,106,36,1596827776,1596827788,'wrong'),(1964,106,30,1597754678,1597825665,'correct'),(1965,106,43,1596712721,1596712727,'wrong'),(1966,106,36,1596827751,1596827762,'wrong'),(1967,106,59,1598036735,1598038717,'correct'),(1968,106,36,1596827765,1596827770,'wrong'),(1969,106,18,1592465599,1592465603,'correct'),(1970,106,43,1596713099,1596713121,'correct'),(1971,106,46,1591126820,1591127187,'correct'),(1972,106,31,1593952297,1593952867,'correct'),(1973,106,24,1589357818,1589358122,'correct'),(1974,106,31,1593951431,1593952273,'wrong'),(1975,106,20,1592473715,1592473719,'correct'),(1976,106,4,1595967593,1595967880,'correct'),(1977,106,43,1596713068,1596713078,'wrong'),(1978,106,36,1596827803,1596827841,'wrong'),(1979,106,15,1591080846,1591081579,'correct'),(1980,106,53,1595085705,1595086273,'correct'),(1981,106,39,1591102293,1591102720,'correct'),(1982,106,44,1591476709,1591476993,'correct'),(1983,106,23,1590986506,1590986514,'correct'),(1984,106,27,1597838710,1597908778,'correct'),(1985,106,36,1596825465,1596827737,'wrong'),(1986,107,60,1599077252,1599077819,'correct'),(1987,107,24,1589360843,1589360861,'wrong'),(1988,107,24,1589360950,1589360956,'wrong'),(1989,107,24,1589360982,1589360987,'wrong'),(1990,107,24,1589360934,1589360943,'wrong'),(1991,107,9,1588757437,1588757444,'correct'),(1992,107,49,1594829592,1594830814,'correct'),(1993,107,46,1591127228,1591127625,'correct'),(1994,107,59,1598039104,1598084797,'correct'),(1995,107,59,1598038004,1598039096,'wrong'),(1996,107,24,1589360960,1589360969,'wrong'),(1997,107,24,1589360972,1589360978,'wrong'),(1998,107,53,1595086391,1595088760,'correct'),(1999,107,31,1593952870,1593953463,'correct'),(2000,107,50,1599482165,1599558587,'wrong'),(2001,107,50,1599558591,1599558655,'correct'),(2002,107,44,1591476995,1591477372,'correct'),(2003,107,51,1599548542,1599548741,'correct'),(2004,107,24,1589360155,1589360176,'wrong'),(2005,107,27,1597911133,1597911136,'correct'),(2006,107,24,1589358125,1589360135,'wrong'),(2007,107,24,1589360875,1589360882,'wrong'),(2008,107,4,1595967904,1595968339,'correct'),(2009,107,9,1588757420,1588757430,'wrong'),(2010,107,24,1589360139,1589360151,'wrong'),(2011,107,24,1589360581,1589360747,'wrong'),(2012,107,27,1597908780,1597911124,'wrong'),(2013,107,9,1588757113,1588757412,'wrong'),(2014,107,30,1597825670,1597826119,'correct'),(2015,107,24,1589360750,1589360823,'wrong'),(2016,107,43,1596714011,1596714031,'wrong'),(2017,107,39,1591102722,1591103077,'wrong'),(2018,107,43,1596714286,1596714297,'correct'),(2019,107,43,1596714256,1596714272,'wrong'),(2020,107,39,1591103098,1591103267,'correct'),(2021,107,43,1596713934,1596714004,'wrong'),(2022,107,43,1596714051,1596714100,'wrong'),(2023,107,24,1589360553,1589360578,'wrong'),(2024,107,43,1596230395,1596713674,'wrong'),(2025,107,43,1596714122,1596714238,'wrong'),(2026,107,36,1596828204,1596828208,'correct'),(2027,107,15,1591169286,1591169293,'correct'),(2028,107,18,1592465616,1592465622,'correct'),(2029,107,15,1591081598,1591169276,'wrong'),(2030,107,36,1596828144,1596828164,'wrong'),(2031,107,24,1589360178,1589360550,'wrong'),(2032,107,36,1596827938,1596828140,'wrong'),(2033,107,24,1589360833,1589360840,'wrong'),(2034,107,36,1596828172,1596828183,'wrong'),(2035,108,36,1596828220,1596829621,'wrong'),(2036,108,23,1590986518,1590986525,'correct'),(2037,108,36,1596829696,1596829702,'wrong'),(2038,108,53,1595088764,1595089505,'correct'),(2039,108,39,1591104432,1591104480,'correct'),(2040,108,27,1597911139,1597921313,'correct'),(2041,108,9,1588757896,1588757906,'wrong'),(2042,108,39,1591103315,1591104375,'wrong'),(2043,108,51,1599548745,1599549195,'correct'),(2044,108,4,1595968362,1595968566,'correct'),(2045,108,31,1593953501,1593966284,'correct'),(2046,108,39,1591103270,1591103312,'wrong'),(2047,108,24,1589361235,1589361419,'wrong'),(2048,108,30,1597826123,1597826536,'correct'),(2049,108,43,1596714486,1596714507,'wrong'),(2050,108,36,1596829756,1596829846,'wrong'),(2051,108,50,1599560326,1599560338,'correct'),(2052,108,24,1589361894,1589362127,'wrong'),(2053,108,36,1596829905,1596829913,'wrong'),(2054,108,24,1589361081,1589361216,'wrong'),(2055,108,24,1589361425,1589361694,'wrong'),(2056,108,9,1588759640,1588759706,'wrong'),(2057,108,36,1596829877,1596829890,'wrong'),(2058,108,36,1596829674,1596829694,'wrong'),(2059,108,9,1588758123,1588759497,'wrong'),(2060,108,43,1596230395,1596714392,'wrong'),(2061,108,43,1596714600,1596714631,'correct'),(2062,108,9,1588758103,1588758113,'wrong'),(2063,108,24,1589361699,1589361715,'wrong'),(2064,108,9,1588759545,1588759630,'wrong'),(2065,108,24,1589362130,1589362160,'wrong'),(2066,108,43,1596714401,1596714407,'wrong'),(2067,108,24,1589361717,1589361886,'wrong'),(2068,108,50,1599558659,1599560286,'wrong'),(2069,108,36,1596829953,1596830030,'correct'),(2070,108,50,1599560300,1599560317,'wrong'),(2071,108,9,1588757675,1588757704,'wrong'),(2072,108,43,1596714412,1596714422,'wrong'),(2073,108,49,1594829903,1594836262,'correct'),(2074,108,59,1598084805,1598085137,'correct'),(2075,108,9,1588759764,1588759795,'wrong'),(2076,108,24,1589362180,1589362188,'correct'),(2077,108,9,1588757469,1588757660,'wrong'),(2078,108,24,1589362169,1589362174,'wrong'),(2079,108,9,1588757776,1588757838,'wrong'),(2080,108,9,1588757712,1588757718,'wrong'),(2081,108,9,1588757958,1588758015,'wrong'),(2082,108,18,1592465628,1592465634,'correct'),(2083,108,36,1596829664,1596829669,'wrong'),(2084,108,46,1591127631,1591130019,'correct'),(2085,108,9,1588759823,1588759992,'correct'),(2086,108,15,1591086292,1591088005,'wrong'),(2087,108,15,1591088007,1591088070,'correct'),(2088,108,44,1591477374,1591477677,'correct'),(2089,108,60,1599077821,1599080228,'correct'),(2090,109,36,1596830068,1596832053,'wrong'),(2091,109,30,1597826550,1597828495,'correct'),(2092,109,31,1593966288,1593967151,'correct'),(2093,109,36,1596832182,1596832214,'wrong'),(2094,109,36,1596832150,1596832169,'wrong'),(2095,109,15,1591086291,1591088612,'correct'),(2096,109,43,1596230397,1596718480,'wrong'),(2097,109,59,1598085140,1598087567,'correct'),(2098,109,36,1596832107,1596832119,'wrong'),(2099,109,4,1595968588,1596012863,'correct'),(2100,109,44,1591477679,1591478259,'correct'),(2101,109,36,1596832078,1596832082,'wrong'),(2102,109,36,1596832090,1596832102,'wrong'),(2103,109,53,1595089585,1595095358,'wrong'),(2104,109,39,1591104482,1591116268,'correct'),(2105,109,27,1597911153,1597922460,'correct'),(2106,109,46,1591130186,1591215030,'correct'),(2107,109,43,1596718843,1596718880,'wrong'),(2108,109,49,1594829915,1594874265,'correct'),(2109,109,43,1596718490,1596718507,'wrong'),(2110,109,60,1599080236,1599115991,'correct'),(2111,109,43,1596718896,1596718937,'wrong'),(2112,109,43,1596718691,1596718700,'wrong'),(2113,109,9,1588760289,1588760295,'wrong'),(2114,109,43,1596718711,1596718762,'wrong'),(2115,109,9,1588760447,1588760480,'wrong'),(2116,109,9,1588760932,1588760950,'wrong'),(2117,109,9,1588760968,1588760974,'wrong'),(2118,109,43,1596718944,1596718964,'correct'),(2119,109,9,1588760572,1588760681,'wrong'),(2120,109,18,1588670810,1588670832,'correct'),(2121,109,9,1588760724,1588760770,'wrong'),(2122,109,9,1588760787,1588760824,'wrong'),(2123,109,9,1588758326,1588759034,'wrong'),(2124,109,43,1596718626,1596718662,'wrong'),(2125,109,50,1599560340,1599652922,'wrong'),(2126,109,43,1596718772,1596718836,'wrong'),(2127,109,9,1588761021,1588761117,'wrong'),(2128,109,36,1596832058,1596832065,'wrong'),(2129,109,9,1588760309,1588760359,'wrong'),(2130,109,51,1599549199,1599549681,'correct'),(2131,109,36,1596832372,1596832382,'correct'),(2132,109,9,1588760060,1588760276,'wrong'),(2133,109,53,1595095389,1595095400,'correct'),(2134,109,36,1596832265,1596832344,'wrong'),(2135,109,50,1599652933,1599654036,'correct'),(2136,109,9,1588761153,1588761166,'wrong'),(2137,109,9,1588761177,1588761188,'wrong'),(2138,109,9,1588761208,1588761236,'correct'),(2139,109,36,1596832228,1596832231,'wrong'),(2140,109,9,1588759167,1588759178,'wrong'),(2141,109,23,1590986527,1590986536,'correct'),(2142,109,9,1588759123,1588759153,'wrong'),(2143,109,9,1588759190,1588759293,'wrong'),(2144,110,59,1598087573,1598092164,'correct'),(2145,110,43,1596717572,1596717585,'wrong'),(2146,110,23,1590986539,1590986547,'correct'),(2147,110,44,1591478288,1591479013,'correct'),(2148,110,18,1592465644,1592465654,'correct'),(2149,110,31,1593967155,1593968333,'correct'),(2150,110,24,1589362294,1589363302,'wrong'),(2151,110,49,1594836268,1594874545,'correct'),(2152,110,50,1599654247,1599654637,'wrong'),(2153,110,51,1599550540,1599550546,'wrong'),(2154,110,43,1596717508,1596717531,'wrong'),(2155,110,43,1596717590,1596717595,'correct'),(2156,110,30,1597661623,1597835419,'correct'),(2157,110,24,1589363326,1589363415,'correct'),(2158,110,39,1591116274,1591117064,'correct'),(2159,110,27,1597911156,1597923112,'correct'),(2160,110,36,1596830296,1596830453,'wrong'),(2161,110,46,1591215036,1591215358,'correct'),(2162,110,50,1599654641,1599654787,'correct'),(2163,110,43,1596230397,1596717430,'wrong'),(2164,110,43,1596717474,1596717492,'wrong'),(2165,110,15,1591170979,1591170997,'correct'),(2166,110,15,1591088619,1591170977,'wrong'),(2167,110,60,1599116077,1599116391,'correct'),(2168,110,53,1595095549,1595096002,'correct'),(2169,110,9,1588761260,1588761572,'correct'),(2170,110,51,1599550549,1599550554,'wrong'),(2171,110,43,1596717457,1596717467,'wrong'),(2172,110,51,1599550559,1599550564,'correct'),(2173,110,51,1599549685,1599550533,'wrong'),(2174,110,36,1596830461,1596830465,'correct'),(2175,110,4,1596012995,1596013490,'correct'),(2176,111,15,1591369327,1591370816,'wrong'),(2177,111,15,1591171001,1591369324,'wrong'),(2178,111,24,1589372252,1589372260,'wrong'),(2179,111,15,1591370818,1591370825,'wrong'),(2180,111,24,1589372055,1589372071,'wrong'),(2181,111,44,1591479016,1591480640,'correct'),(2182,111,46,1591215363,1591216201,'correct'),(2183,111,24,1589363418,1589372044,'wrong'),(2184,111,24,1589372268,1589372282,'wrong'),(2185,111,30,1597835422,1597837309,'correct'),(2186,111,4,1596013512,1596014484,'correct'),(2187,111,23,1590986549,1590986556,'correct'),(2188,111,53,1595096015,1595135372,'correct'),(2189,111,39,1591117075,1591117601,'correct'),(2190,111,51,1599551320,1599551342,'wrong'),(2191,111,24,1589372130,1589372140,'wrong'),(2192,111,51,1599551362,1599551567,'wrong'),(2193,111,36,1596831374,1596831387,'wrong'),(2194,111,51,1599551572,1599551582,'wrong'),(2195,111,24,1589372142,1589372247,'wrong'),(2196,111,51,1599580110,1599580375,'correct'),(2197,111,51,1599550697,1599550989,'wrong'),(2198,111,51,1599551108,1599551122,'wrong'),(2199,111,31,1593968476,1593969536,'correct'),(2200,111,51,1599551349,1599551359,'wrong'),(2201,111,60,1599117089,1599117090,'correct'),(2202,111,36,1596831256,1596831260,'wrong'),(2203,111,36,1596831159,1596831245,'wrong'),(2204,111,36,1596831138,1596831141,'wrong'),(2205,111,36,1596830694,1596831133,'wrong'),(2206,111,36,1596830624,1596830629,'wrong'),(2207,111,36,1596831298,1596831337,'wrong'),(2208,111,59,1598092334,1598092769,'correct'),(2209,111,36,1596814336,1596830615,'wrong'),(2210,111,27,1597911159,1597926214,'correct'),(2211,111,60,1599116395,1599117086,'correct'),(2212,111,36,1596831263,1596831267,'wrong'),(2213,111,36,1596831542,1596831567,'correct'),(2214,111,36,1596831481,1596831488,'wrong'),(2215,111,36,1596831468,1596831477,'wrong'),(2216,111,36,1596831411,1596831454,'wrong'),(2217,111,51,1599551136,1599551144,'wrong'),(2218,111,36,1596831346,1596831360,'wrong'),(2219,111,43,1596230399,1596715110,'wrong'),(2220,111,50,1599654790,1599655440,'correct'),(2221,111,43,1596715729,1596715847,'wrong'),(2222,111,43,1596715921,1596715972,'correct'),(2223,111,24,1589372434,1589372439,'correct'),(2224,111,9,1588761597,1588762358,'correct'),(2225,111,43,1596715173,1596715279,'wrong'),(2226,111,49,1594874271,1594875471,'correct'),(2227,111,43,1596715857,1596715913,'wrong'),(2228,111,43,1596715282,1596715330,'wrong'),(2229,111,18,1589874469,1589874722,'correct'),(2230,111,24,1589372285,1589372298,'wrong'),(2231,111,24,1589372377,1589372400,'wrong'),(2232,111,15,1591370827,1591600224,'correct'),(2233,111,24,1589372337,1589372343,'wrong'),(2234,111,24,1589372330,1589372335,'wrong'),(2235,111,24,1589372302,1589372313,'wrong'),(2236,111,43,1596715130,1596715151,'wrong'),(2237,111,43,1596715448,1596715700,'wrong'),(2238,111,24,1589372316,1589372327,'wrong'),(2239,112,60,1599119505,1599119507,'wrong'),(2240,112,51,1599581844,1599581855,'wrong'),(2241,112,51,1599581826,1599581832,'wrong'),(2242,112,51,1599551425,1599581816,'wrong'),(2243,112,60,1599117119,1599119453,'wrong'),(2244,113,60,1599119456,1599130393,'correct');
/*!40000 ALTER TABLE `step_student` ENABLE KEYS */;
UNLOCK TABLES;

--
-- Table structure for table `student`
--

DROP TABLE IF EXISTS `student`;
/*!40101 SET @saved_cs_client     = @@character_set_client */;
/*!50503 SET character_set_client = utf8mb4 */;
CREATE TABLE `student` (
  `student_id` int NOT NULL AUTO_INCREMENT,
  `student_name` varchar(64) DEFAULT NULL,
  PRIMARY KEY (`student_id`)
) ENGINE=InnoDB AUTO_INCREMENT=65 DEFAULT CHARSET=utf8mb4 COLLATE=utf8mb4_0900_ai_ci;
/*!40101 SET character_set_client = @saved_cs_client */;

--
-- Dumping data for table `student`
--

LOCK TABLES `student` WRITE;
/*!40000 ALTER TABLE `student` DISABLE KEYS */;
INSERT INTO `student` VALUES (1,'student_1'),(2,'student_2'),(3,'student_3'),(4,'student_4'),(5,'student_5'),(6,'student_6'),(7,'student_7'),(8,'student_8'),(9,'student_9'),(10,'student_10'),(11,'student_11'),(12,'student_12'),(13,'student_13'),(14,'student_14'),(15,'student_15'),(16,'student_16'),(17,'student_17'),(18,'student_18'),(19,'student_19'),(20,'student_20'),(21,'student_21'),(22,'student_22'),(23,'student_23'),(24,'student_24'),(25,'student_25'),(26,'student_26'),(27,'student_27'),(28,'student_28'),(29,'student_29'),(30,'student_30'),(31,'student_31'),(32,'student_32'),(33,'student_33'),(34,'student_34'),(35,'student_35'),(36,'student_36'),(37,'student_37'),(38,'student_38'),(39,'student_39'),(40,'student_40'),(41,'student_41'),(42,'student_42'),(43,'student_43'),(44,'student_44'),(45,'student_45'),(46,'student_46'),(47,'student_47'),(48,'student_48'),(49,'student_49'),(50,'student_50'),(51,'student_51'),(52,'student_52'),(53,'student_53'),(54,'student_54'),(55,'student_55'),(56,'student_56'),(57,'student_57'),(58,'student_58'),(59,'student_59'),(60,'student_60'),(61,'student_61'),(62,'student_62'),(63,'student_63'),(64,'student_64');
/*!40000 ALTER TABLE `student` ENABLE KEYS */;
UNLOCK TABLES;
/*!40103 SET TIME_ZONE=@OLD_TIME_ZONE */;

/*!40101 SET SQL_MODE=@OLD_SQL_MODE */;
/*!40014 SET FOREIGN_KEY_CHECKS=@OLD_FOREIGN_KEY_CHECKS */;
/*!40014 SET UNIQUE_CHECKS=@OLD_UNIQUE_CHECKS */;
/*!40101 SET CHARACTER_SET_CLIENT=@OLD_CHARACTER_SET_CLIENT */;
/*!40101 SET CHARACTER_SET_RESULTS=@OLD_CHARACTER_SET_RESULTS */;
/*!40101 SET COLLATION_CONNECTION=@OLD_COLLATION_CONNECTION */;
/*!40111 SET SQL_NOTES=@OLD_SQL_NOTES */;

-- Dump completed on 2023-02-23 22:47:03
