Дата заключения,Дата расчетов,Время заключения,Наименование,Код,Валюта,Вид,Количество,Цена,Сумма,НКД,Комиссия Брокера,Комиссия Биржи,Номер сделки,Комментарий,Статус
30.12.2021,04.01.2022,16:22:03,FXGDETF,FXGD,RUB,Продажа,1,906.2,906.20,0.00,0.54,0.09,4829207953,,И
30.12.2021,04.01.2022,16:24:34,FXGDETF,FXGD,RUB,Покупка,1,906.4,906.40,0.00,0.55,0.09,4829216361,,И
30.12.2021,04.01.2022,16:25:48,FXGDETF,FXGD,RUB,Продажа,1,906.4,906.40,0.00,0.54,0.09,4829221233,,И
30.12.2021,04.01.2022,16:27:05,FXGDETF,FXGD,RUB,Продажа,1,906.2,906.20,0.00,0.54,0.09,4829225682,,И
30.12.2021,04.01.2022,16:30:25,FXGDETF,FXGD,RUB,Покупка,2,906.8,1813.60,0.00,1.09,0.17,4829239337,,И
24.01.2022,26.01.2022,13:01:27,FXIMETF,FXIM,RUB,Покупка,7,96.22,673.54,0.00,0.40,0.07,4903474866,,И
24.01.2022,26.01.2022,13:01:49,FXUSETF,FXUS,RUB,Покупка,45,62.46,2810.70,0.00,1.69,0.26,4903477636,,И
24.01.2022,26.01.2022,13:01:59,FXRLETF,FXRL,RUB,Покупка,17,36.33,617.61,0.00,0.37,0.05,4903478687,,И
24.01.2022,26.01.2022,13:02:52,БПИФбрутто,SBMX,RUB,Покупка,40,16.816,672.64,0.00,0.00,0.07,4903487089,,И
24.01.2022,26.01.2022,13:03:59,FXRWETF,FXRW,RUB,Покупка,65,1.2852,83.54,0.00,0.05,0.02,4903495099,,И
29.12.2023,03.01.2024,13:19:13,Сбербанк,SBER,RUB,Покупка,10,272,2720.00,0.00,1.63,0.82,9327081300,,И
29.12.2023,03.01.2024,13:20:41,Системаао,AFKS,RUB,Покупка,100,16.058,1605.80,0.00,0.96,0.00,9327090308,,И
29.12.2023,03.01.2024,13:26:13,ИнтерРАОао,IRAO,RUB,Покупка,100,3.9405,394.05,0.00,0.24,0.00,9327124562,,И
15.01.2024,16.01.2024,18:45:09,Сбербанк,SBER,RUB,Покупка,10,276.1,2761.00,0.00,1.66,0.42,9393609887,,И
15.01.2024,16.01.2024,19:33:43,ГАЗПРОМао,GAZP,RUB,Покупка,10,163.61,1636.10,0.00,0.98,0.49,9393668173,,И
15.01.2024,16.01.2024,19:34:40,МТС-ао,MTSS,RUB,Покупка,10,267.25,2672.50,0.00,1.60,0.80,9393669101,,И
15.01.2024,16.01.2024,19:36:30,ИнтерРАОао,IRAO,RUB,Покупка,300,4.095,1228.50,0.00,0.74,0.37,9393671299,,И
15.01.2024,16.01.2024,19:37:16,СевСт-ао,CHMF,RUB,Покупка,1,1543,1543.00,0.00,0.92,0.00,9393674325,,И
17.01.2024,18.01.2024,11:26:52,КПокров1P1,RU000A102S23,RUB,Покупка,24,98.55,23652.00,403.92,14.19,0.68,9412467403,,И
30.01.2024,31.01.2024,11:32:50,ГАЗПРОМао,GAZP,RUB,Покупка,10,163.45,1634.50,0.00,0.98,0.49,9479248436,,И
30.01.2024,31.01.2024,11:32:56,Сбербанк,SBER,RUB,Покупка,10,276.68,2766.80,0.00,1.66,0.00,9479249321,,И
30.01.2024,31.01.2024,11:33:38,Системаао,AFKS,RUB,Покупка,100,17.119,1711.90,0.00,1.03,0.52,9479254504,,И
30.01.2024,31.01.2024,11:33:40,МТС-ао,MTSS,RUB,Покупка,10,274,2740.00,0.00,1.64,0.00,9479254844,,И
30.01.2024,31.01.2024,11:34:12,ИнтерРАОао,IRAO,RUB,Покупка,100,4.066,406.60,0.00,0.25,0.12,9479258837,,И
17.02.2022,21.02.2022,11:52:04,FXRUETF,FXRU,RUB,Покупка,13,92.7,1205.10,0.00,0.72,0.11,5002244893,,И
17.02.2022,21.02.2022,11:53:18,FXGDETF,FXGD,RUB,Покупка,2,96.85,193.70,0.00,0.12,0.02,5002270641,,И
17.02.2022,21.02.2022,11:53:24,FXIMETF,FXIM,RUB,Покупка,2,94.94,189.88,0.00,0.11,0.02,5002272511,,И
17.02.2022,21.02.2022,11:53:33,FXUSETF,FXUS,RUB,Покупка,5,61.75,308.75,0.00,0.19,0.03,5002275241,,И
17.02.2022,21.02.2022,11:54:12,FXDEETF,FXDE,RUB,Покупка,6,29.87,179.22,0.00,0.11,0.02,5002287624,,И
17.02.2022,21.02.2022,11:54:30,VTBEETF,VTBE,RUB,Покупка,3,94.83,284.49,0.00,0.17,0.03,5002294597,,И
17.02.2022,21.02.2022,11:55:34,SBSPETF,SBSP,RUB,Покупка,1,1797.6,1797.60,0.00,0.00,0.17,5002311372,,И
17.02.2022,21.02.2022,11:56:27,FXRLETF,FXRL,RUB,Покупка,5,39.3,196.50,0.00,0.12,0.02,5002317146,,И
17.02.2022,21.02.2022,11:56:34,БПИФбрутто,SBMX,RUB,Покупка,7,18.257,127.80,0.00,0.00,0.02,5002318604,,И
17.02.2022,21.02.2022,11:56:56,FXDMETF,FXDM,RUB,Покупка,3,80.29,240.87,0.00,0.14,0.02,5002320424,,И
17.02.2022,21.02.2022,11:59:28,FXRWETF,FXRW,RUB,Покупка,35,1.3039,45.64,0.00,0.03,0.02,5002335531,,И
15.02.2024,16.02.2024,15:20:44,26227,RU000A1007F4,RUB,Покупка,20,97.421,19484.20,121.60,11.69,2.44,9603996518,,И
15.02.2024,16.02.2024,15:37:48,ГАЗПРОМао,GAZP,RUB,Покупка,20,162.13,3242.60,0.00,1.95,0.97,9604109099,,И
15.02.2024,16.02.2024,15:40:29,ИнтерРАОао,IRAO,RUB,Покупка,100,4.081,408.10,0.00,0.24,0.12,9604124599,,И
15.02.2024,16.02.2024,15:41:14,ЛУКОЙЛ,LKOH,RUB,Покупка,1,7280,7280.00,0.00,4.37,0.00,9604128814,,И
29.02.2024,01.03.2024,10:55:06,Сбербанк,SBER,RUB,Покупка,10,291.8,2918.00,0.00,1.75,0.00,9725993022,,ЗО
29.02.2024,01.03.2024,10:57:34,ИнтерРАОао,IRAO,RUB,Покупка,200,4.004,800.80,0.00,0.48,0.00,9726006453,,ЗО
29.02.2024,01.03.2024,11:00:19,Магнитао,MGNT,RUB,Покупка,1,7600.5,7600.50,0.00,4.56,0.00,9726022618,,ЗО
02.03.2023,03.03.2023,17:43:21,25084,RU000A101FA1,RUB,Покупка,2,98.842,1976.84,43.28,1.19,0.30,7359771110,,И
02.03.2023,06.03.2023,17:49:45,Сбербанк,SBER,RUB,Покупка,10,168.58,1685.80,0.00,1.01,0.50,7359790795,,И
02.03.2023,06.03.2023,18:02:11,БПИФбрутто,SBMX,RUB,Покупка,100,12.364,1236.40,0.00,0.00,0.37,7359828041,,И
29.03.2023,31.03.2023,17:53:18,МТС-ао,MTSS,RUB,Покупка,10,257.9,2579.00,0.00,1.55,0.77,7475075046,,И
29.03.2023,30.03.2023,17:56:31,25084,RU000A101FA1,RUB,Покупка,1,98.854,988.54,25.56,0.59,0.10,7475090543,,И
29.03.2023,31.03.2023,17:57:35,БПИФбрутто,SBMX,RUB,Покупка,110,13.46,1480.60,0.00,0.00,0.45,7475093961,,И
29.02.2024,01.03.2024,10:55:06,Сбербанк,SBER,RUB,Покупка,10,291.8,2918.00,0.00,1.75,0.00,9725993022,,И
29.02.2024,01.03.2024,10:57:34,ИнтерРАОао,IRAO,RUB,Покупка,200,4.004,800.80,0.00,0.48,0.00,9726006453,,И
29.02.2024,01.03.2024,11:00:19,Магнитао,MGNT,RUB,Покупка,1,7600.5,7600.50,0.00,4.56,0.00,9726022618,,И
01.03.2024,04.03.2024,22:54:04,МосБиржа,MOEX,RUB,Покупка,10,199.26,1992.60,0.00,1.20,0.00,9735631396,,ЗО
29.02.2024,01.03.2024,10:55:06,Сбербанк,SBER,RUB,Покупка,10,291.8,2918.00,0.00,1.75,0.00,9725993022,,И
29.02.2024,01.03.2024,10:57:34,ИнтерРАОао,IRAO,RUB,Покупка,200,4.004,800.80,0.00,0.48,0.00,9726006453,,И
29.02.2024,01.03.2024,11:00:19,Магнитао,MGNT,RUB,Покупка,1,7600.5,7600.50,0.00,4.56,0.00,9726022618,,И
01.03.2024,04.03.2024,22:54:04,МосБиржа,MOEX,RUB,Покупка,10,199.26,1992.60,0.00,1.20,0.00,9735631396,,И
15.03.2024,18.03.2024,20:16:45,МосБиржа,MOEX,RUB,Покупка,10,210.4,2104.00,0.00,1.26,0.00,9857593070,,И
15.03.2024,18.03.2024,20:19:18,СевСт-ао,CHMF,RUB,Покупка,1,1715.2,1715.20,0.00,1.03,0.00,9857595026,,И
15.03.2024,18.03.2024,20:19:36,ИнтерРАОао,IRAO,RUB,Покупка,300,4.101,1230.30,0.00,0.74,0.00,9857595244,,И
18.03.2024,19.03.2024,11:12:14,БПИФбрутто,SBMX,RUB,Покупка,200,19.15,3830.00,0.00,0.00,0.00,9871145550,,И
18.03.2024,19.03.2024,11:14:45,SBGDETF,SBGD,RUB,Покупка,30,19.27,578.10,0.00,0.00,0.00,9871252917,,И
18.03.2024,19.03.2024,11:23:22,SBGDETF,SBGD,RUB,Покупка,70,19.315,1352.05,0.00,0.00,0.40,9871637459,,И
28.03.2024,29.03.2024,19:04:37,Сбербанк,SBER,RUB,Покупка,10,298.69,2986.90,0.00,1.79,0.52,9972921999,,И
28.03.2024,29.03.2024,19:04:54,МосБиржа,MOEX,RUB,Покупка,30,219,6570.00,0.00,3.94,1.15,9972922899,,И
29.03.2024,01.04.2024,11:38:01,SBGDETF,SBGD,RUB,Покупка,84,19.91,1672.44,0.00,0.00,0.50,9987294084,,О
29.03.2024,01.04.2024,11:38:01,SBGDETF,SBGD,RUB,Покупка,16,19.92,318.72,0.00,0.00,0.09,9987294085,,О
14.04.2023,18.04.2023,18:17:09,ГАЗПРОМао,GAZP,RUB,Покупка,10,178.29,1782.90,0.00,1.07,0.54,7544809849,,И
14.04.2023,17.04.2023,18:20:18,25084,RU000A101FA1,RUB,Покупка,2,99.199,1983.98,3.48,1.19,0.25,7544819275,,И
14.04.2023,18.04.2023,18:22:12,БПИФбрутто,SBMX,RUB,Покупка,70,13.985,978.95,0.00,0.00,0.29,7544825001,,И
27.04.2023,02.05.2023,12:52:37,БПИФбрутто,SBMX,RUB,Покупка,80,14.389,1151.12,0.00,0.00,0.35,7587448512,,О
27.04.2023,02.05.2023,13:05:22,Сбербанк,SBER,RUB,Покупка,10,238.6,2386.00,0.00,1.43,0.71,7587511423,,О
27.04.2023,02.05.2023,13:05:55,ГАЗПРОМао,GAZP,RUB,Покупка,10,178.95,1789.50,0.00,1.08,0.54,7587514459,,О
29.03.2024,01.04.2024,11:38:01,SBGDETF,SBGD,RUB,Покупка,84,19.91,1672.44,0.00,0.00,0.50,9987294084,,И
29.03.2024,01.04.2024,11:38:01,SBGDETF,SBGD,RUB,Покупка,16,19.92,318.72,0.00,0.00,0.09,9987294085,,И
17.05.2021,19.05.2021,10:21:16,SBSPETF,SBSP,RUB,Покупка,1,1633,1633.00,0.00,0.98,0.15,3943134134,,И
17.05.2021,19.05.2021,10:22:48,FXUSETF,FXUS,RUB,Покупка,1,5615,5615.00,0.00,3.37,0.52,3943142919,,И
17.05.2021,19.05.2021,10:28:00,FXRLETF,FXRL,RUB,Покупка,1,3896.5,3896.50,0.00,2.34,0.36,3943169446,,И
17.05.2021,19.05.2021,10:32:49,FXDMETF,FXDM,RUB,Покупка,40,75.97,3038.80,0.00,1.82,0.28,3943195531,,И
17.05.2021,19.05.2021,10:38:09,FXRUETF,FXRU,RUB,Покупка,2,951.4,1902.80,0.00,1.14,0.18,3943220803,,И
17.05.2021,19.05.2021,10:38:27,FXDEETF,FXDE,RUB,Покупка,1,3117,3117.00,0.00,1.87,0.29,3943222195,,И
17.05.2021,19.05.2021,10:39:11,FXIMETF,FXIM,RUB,Покупка,20,84,1680.00,0.00,1.01,0.16,3943226490,,И
17.05.2021,19.05.2021,10:42:16,БПИФбрутто,SBMX,RUB,Покупка,1,1793,1793.00,0.00,1.08,0.17,3943245308,,И
17.05.2021,19.05.2021,10:44:08,FXRWETF,FXRW,RUB,Покупка,465,1.2158,565.35,0.00,0.34,0.05,3943253105,,И
17.05.2021,19.05.2021,10:54:45,БПИФбрутто,SBMX,RUB,Покупка,1,1790,1790.00,0.00,1.07,0.17,3943320109,,И
17.05.2021,19.05.2021,10:59:00,SBSPETF,SBSP,RUB,Покупка,1,1633.6,1633.60,0.00,0.98,0.15,3943343040,,И
17.05.2021,19.05.2021,11:10:38,VTBEETF,VTBE,RUB,Покупка,3,93.94,281.82,0.00,0.17,0.03,3943397116,,И
25.05.2021,27.05.2021,18:28:44,FXUSETF,FXUS,RUB,Покупка,1,5644,5644.00,0.00,3.39,0.52,3970365261,,И
27.04.2023,02.05.2023,12:52:37,БПИФбрутто,SBMX,RUB,Покупка,80,14.389,1151.12,0.00,0.00,0.35,7587448512,,И
27.04.2023,02.05.2023,13:05:22,Сбербанк,SBER,RUB,Покупка,10,238.6,2386.00,0.00,1.43,0.71,7587511423,,И
27.04.2023,02.05.2023,13:05:55,ГАЗПРОМао,GAZP,RUB,Покупка,10,178.95,1789.50,0.00,1.08,0.54,7587514459,,И
12.05.2023,16.05.2023,18:20:45,ЛУКОЙЛ,LKOH,RUB,Покупка,1,4817,4817.00,0.00,2.89,1.44,7646220764,,И
26.05.2023,30.05.2023,21:41:21,ГАЗПРОМао,GAZP,RUB,Покупка,10,164.79,1647.90,0.00,0.99,0.49,7690509967,,И
30.05.2023,01.06.2023,17:01:45,Магнитао,MGNT,RUB,Покупка,1,4182.5,4182.50,0.00,2.51,1.25,7698304390,,О
09.06.2021,11.06.2021,12:45:24,БПИФбрутто,SBMX,RUB,Покупка,40,18.88,755.20,0.00,0.45,0.07,4019876426,,И
11.06.2021,15.06.2021,22:19:00,FXUSETF,FXUS,RUB,Покупка,1,5616,5616.00,0.00,3.37,0.52,4029471218,,И
18.06.2021,22.06.2021,22:16:53,FXRUETF,FXRU,RUB,Покупка,1,944.2,944.20,0.00,0.57,0.09,4052270711,,И
18.06.2021,22.06.2021,22:17:32,FXGDETF,FXGD,RUB,Покупка,1,869.8,869.80,0.00,0.52,0.08,4052270834,,И
30.05.2023,01.06.2023,17:01:45,Магнитао,MGNT,RUB,Покупка,1,4182.5,4182.50,0.00,2.51,1.25,7698304390,,И
30.05.2023,01.06.2023,17:01:45,Магнитао,MGNT,RUB,Покупка,1,4182.5,4182.50,0.00,2.51,1.25,7698304390,,И
14.06.2023,16.06.2023,22:39:10,YandexclA,YNDX,RUB,Покупка,1,2640,2640.00,0.00,1.58,0.80,7744389521,,И
14.06.2023,16.06.2023,22:40:28,Сбербанк,SBER,RUB,Покупка,10,244.44,2444.40,0.00,1.47,0.73,7744390760,,И
23.06.2023,27.06.2023,10:33:59,МТС-ао,MTSS,RUB,Покупка,10,343.35,3433.50,0.00,2.06,1.03,7792729150,,И
19.07.2021,21.07.2021,10:17:28,VTBEETF,VTBE,RUB,Покупка,17,96.5,1640.50,0.00,0.00,0.15,4163579249,,И
19.07.2021,21.07.2021,17:58:59,VTBEETF,VTBE,RUB,Покупка,16,95.75,1532.00,0.00,0.00,0.14,4165624734,,И
18.07.2023,20.07.2023,16:07:57,СевСт-ао,CHMF,RUB,Покупка,1,1275.6,1275.60,0.00,0.77,0.38,7908972071,,И
18.07.2023,20.07.2023,17:52:50,Сбербанк,SBER,RUB,Покупка,10,246.21,2462.10,0.00,1.48,0.73,7909781928,,И
18.07.2023,20.07.2023,17:55:20,Системаао,AFKS,RUB,Покупка,100,17.744,1774.40,0.00,1.06,0.54,7909796018,,И
18.07.2023,20.07.2023,17:56:39,ИнтерРАОао,IRAO,RUB,Покупка,200,4.159,831.80,0.00,0.50,0.25,7909802059,,И
14.08.2023,15.08.2023,19:06:28,СевСт-ао,CHMF,RUB,Покупка,1,1321.8,1321.80,0.00,0.79,0.40,8088131206,,И
14.08.2023,15.08.2023,19:07:03,Системаао,AFKS,RUB,Покупка,100,18.107,1810.70,0.00,1.09,0.54,8088134689,,И
14.08.2023,15.08.2023,19:07:50,ИнтерРАОао,IRAO,RUB,Покупка,400,4.1505,1660.20,0.00,1.00,0.50,8088139159,,И
15.09.2021,17.09.2021,15:01:02,VTBEETF,VTBE,RUB,Покупка,14,92.92,1300.88,0.00,0.00,0.12,4388701593,,И
15.09.2021,17.09.2021,15:09:39,FXDMETF,FXDM,RUB,Покупка,12,77.66,931.92,0.00,0.00,0.09,4388750615,,И
15.09.2021,17.09.2021,15:12:44,FXRWETF,FXRW,RUB,Покупка,335,1.3183,441.63,0.00,0.00,0.04,4388771103,,И
15.09.2021,17.09.2021,15:16:18,FXIMETF,FXIM,RUB,Покупка,3,96.2,288.60,0.00,0.00,0.03,4388784287,,И
29.09.2021,01.10.2021,20:12:25,FXGDETF,FXGD,RUB,Покупка,1,847,847.00,0.00,0.00,0.08,4449577457,,О
29.09.2021,01.10.2021,20:19:21,FXDMETF,FXDM,RUB,Покупка,7,75.4,527.80,0.00,0.00,0.05,4449581409,,О
29.09.2021,01.10.2021,20:22:35,FXDMETF,FXDM,RUB,Покупка,1,75.4,75.40,0.00,0.00,0.02,4449582892,,О
29.09.2021,01.10.2021,20:25:50,FXDMETF,FXDM,RUB,Покупка,3,75.4,226.20,0.00,0.00,0.02,4449584383,,О
29.09.2021,01.10.2021,20:25:54,FXDMETF,FXDM,RUB,Покупка,3,75.4,226.20,0.00,0.00,0.02,4449584414,,О
29.09.2021,01.10.2021,20:25:56,FXDMETF,FXDM,RUB,Покупка,3,75.4,226.20,0.00,0.00,0.02,4449584428,,О
29.09.2021,01.10.2021,20:25:58,FXDMETF,FXDM,RUB,Покупка,1,75.4,75.40,0.00,0.00,0.02,4449584446,,О
30.09.2021,04.10.2021,10:59:34,SBSPETF,SBSP,RUB,Покупка,1,1696.2,1696.20,0.00,0.00,0.16,4453542268,,ЗО
14.09.2023,15.09.2023,20:01:07,МТС-ао,MTSS,RUB,Покупка,10,277.35,2773.50,0.00,1.66,0.83,8365637218,,И
14.09.2023,15.09.2023,20:01:44,СевСт-ао,CHMF,RUB,Покупка,1,1296.8,1296.80,0.00,0.78,0.39,8365637605,,И
14.09.2023,15.09.2023,20:02:46,ИнтерРАОао,IRAO,RUB,Покупка,200,4.272,854.40,0.00,0.51,0.26,8365638476,,И
29.09.2021,01.10.2021,20:12:25,FXGDETF,FXGD,RUB,Покупка,1,847,847.00,0.00,0.00,0.08,4449577457,,И
29.09.2021,01.10.2021,20:19:21,FXDMETF,FXDM,RUB,Покупка,7,75.4,527.80,0.00,0.00,0.05,4449581409,,И
29.09.2021,01.10.2021,20:22:35,FXDMETF,FXDM,RUB,Покупка,1,75.4,75.40,0.00,0.00,0.02,4449582892,,И
29.09.2021,01.10.2021,20:25:50,FXDMETF,FXDM,RUB,Покупка,3,75.4,226.20,0.00,0.00,0.02,4449584383,,И
29.09.2021,01.10.2021,20:25:54,FXDMETF,FXDM,RUB,Покупка,3,75.4,226.20,0.00,0.00,0.02,4449584414,,И
29.09.2021,01.10.2021,20:25:56,FXDMETF,FXDM,RUB,Покупка,3,75.4,226.20,0.00,0.00,0.02,4449584428,,И
29.09.2021,01.10.2021,20:25:58,FXDMETF,FXDM,RUB,Покупка,1,75.4,75.40,0.00,0.00,0.02,4449584446,,И
30.09.2021,04.10.2021,10:59:34,SBSPETF,SBSP,RUB,Покупка,1,1696.2,1696.20,0.00,0.00,0.16,4453542268,,О
29.09.2021,01.10.2021,20:12:25,FXGDETF,FXGD,RUB,Покупка,1,847,847.00,0.00,0.00,0.08,4449577457,,И
29.09.2021,01.10.2021,20:19:21,FXDMETF,FXDM,RUB,Покупка,7,75.4,527.80,0.00,0.00,0.05,4449581409,,И
29.09.2021,01.10.2021,20:22:35,FXDMETF,FXDM,RUB,Покупка,1,75.4,75.40,0.00,0.00,0.02,4449582892,,И
29.09.2021,01.10.2021,20:25:50,FXDMETF,FXDM,RUB,Покупка,3,75.4,226.20,0.00,0.00,0.02,4449584383,,И
29.09.2021,01.10.2021,20:25:54,FXDMETF,FXDM,RUB,Покупка,3,75.4,226.20,0.00,0.00,0.02,4449584414,,И
29.09.2021,01.10.2021,20:25:56,FXDMETF,FXDM,RUB,Покупка,3,75.4,226.20,0.00,0.00,0.02,4449584428,,И
29.09.2021,01.10.2021,20:25:58,FXDMETF,FXDM,RUB,Покупка,1,75.4,75.40,0.00,0.00,0.02,4449584446,,И
30.09.2021,04.10.2021,10:59:34,SBSPETF,SBSP,RUB,Покупка,1,1696.2,1696.20,0.00,0.00,0.16,4453542268,,И
02.10.2023,03.10.2023,10:12:36,Магнитао,MGNT,RUB,Покупка,1,5513,5513.00,0.00,3.31,1.65,8521450698,,И
23.10.2023,24.10.2023,19:42:32,Сбербанк,SBER,RUB,Покупка,10,270.62,2706.20,0.00,1.62,0.82,8710027269,,И
23.10.2023,24.10.2023,19:43:08,ГАЗПРОМао,GAZP,RUB,Покупка,10,170.47,1704.70,0.00,1.02,0.51,8710027712,,И
23.10.2023,24.10.2023,19:43:58,Системаао,AFKS,RUB,Покупка,100,17.79,1779.00,0.00,1.07,0.54,8710028433,,И
26.10.2023,27.10.2023,19:26:40,26227,RU000A1007F4,RUB,Покупка,20,96.74,19348.00,405.40,11.61,1.65,8737086098,,И
24.11.2021,26.11.2021,16:45:56,FXIMETF,FXIM,RUB,Покупка,4,102.52,410.08,0.00,0.25,0.04,4676871170,,И
24.11.2021,26.11.2021,16:45:56,FXIMETF,FXIM,RUB,Покупка,1,102.52,102.52,0.00,0.06,0.02,4676871171,,И
24.11.2021,26.11.2021,16:45:56,FXIMETF,FXIM,RUB,Покупка,2,102.52,205.04,0.00,0.12,0.02,4676871172,,И
24.11.2021,26.11.2021,16:47:04,FXRLETF,FXRL,RUB,Покупка,35,42.9,1501.50,0.00,0.90,0.14,4676875070,,И
24.11.2021,26.11.2021,16:47:28,VTBEETF,VTBE,RUB,Покупка,13,93.07,1209.91,0.00,0.73,0.11,4676876400,,И
24.11.2021,26.11.2021,16:50:09,БПИФбрутто,SBMX,RUB,Покупка,28,19.928,557.98,0.00,0.00,0.05,4676885521,,И
15.11.2023,16.11.2023,11:32:27,ЛУКОЙЛ,LKOH,RUB,Покупка,1,7165,7165.00,0.00,4.30,0.00,8949754486,,И
15.11.2023,16.11.2023,11:35:28,ИнтерРАОао,IRAO,RUB,Покупка,100,4.2015,420.15,0.00,0.25,0.00,8949777553,,И
22.11.2023,23.11.2023,13:05:32,РОСНАНО2P5,RU000A102HB3,RUB,Покупка,10,96,9600.00,301.40,5.76,0.19,9012702209,,И
30.11.2023,01.12.2023,19:10:58,МТС-ао,MTSS,RUB,Покупка,10,254.7,2547.00,0.00,1.53,0.00,9080959548,,ЗО
30.11.2023,01.12.2023,19:14:58,СевСт-ао,CHMF,RUB,Покупка,1,1271.8,1271.80,0.00,0.76,0.00,9080967468,,ЗО
30.11.2023,01.12.2023,19:15:49,ИнтерРАОао,IRAO,RUB,Покупка,100,4.168,416.80,0.00,0.25,0.00,9080968585,,ЗО
15.12.2021,17.12.2021,12:29:55,БПИФбрутто,SBMX,RUB,Покупка,52,18.509,962.47,0.00,0.00,0.09,4765590001,,И
15.12.2021,17.12.2021,12:30:29,FXRLETF,FXRL,RUB,Покупка,15,40.065,600.98,0.00,0.36,0.05,4765593817,,И
15.12.2021,17.12.2021,12:31:02,FXRWETF,FXRW,RUB,Покупка,100,1.3251,132.51,0.00,0.08,0.02,4765597650,,И
15.12.2021,17.12.2021,12:31:34,FXDMETF,FXDM,RUB,Покупка,8,76.69,613.52,0.00,0.37,0.05,4765601747,,И
15.12.2021,17.12.2021,12:32:35,FXDEETF,FXDE,RUB,Покупка,3,28.99,86.97,0.00,0.05,0.02,4765609314,,И
15.12.2021,17.12.2021,12:48:11,VTBEETF,VTBE,RUB,Покупка,4,89.49,357.96,0.00,0.22,0.03,4765703929,,И
27.12.2021,29.12.2021,18:17:51,SBSPETF,SBSP,RUB,Покупка,1,1860,1860.00,0.00,0.00,0.17,4812162403,,И
27.12.2021,29.12.2021,18:17:55,БПИФбрутто,SBMX,RUB,Покупка,50,19.069,953.45,0.00,0.00,0.09,4812162614,,И
27.12.2021,29.12.2021,18:18:25,FXRWETF,FXRW,RUB,Покупка,135,1.3548,182.90,0.00,0.11,0.02,4812164596,,И
27.12.2021,29.12.2021,18:18:56,FXDEETF,FXDE,RUB,Покупка,15,29.505,442.58,0.00,0.26,0.04,4812166907,,И
27.12.2021,29.12.2021,18:19:23,FXDMETF,FXDM,RUB,Покупка,11,78.66,865.26,0.00,0.52,0.08,4812169063,,И
27.12.2021,29.12.2021,18:19:54,FXRLETF,FXRL,RUB,Покупка,20,41.36,827.20,0.00,0.50,0.07,4812173483,,И
27.12.2021,29.12.2021,18:24:18,VTBEETF,VTBE,RUB,Покупка,11,90.46,995.06,0.00,0.60,0.09,4812193081,,И
30.12.2021,04.01.2022,16:22:03,FXGDETF,FXGD,RUB,Продажа,1,906.2,906.20,0.00,0.54,0.09,4829207953,,О
30.12.2021,04.01.2022,16:24:34,FXGDETF,FXGD,RUB,Покупка,1,906.4,906.40,0.00,0.55,0.09,4829216361,,О
30.12.2021,04.01.2022,16:25:48,FXGDETF,FXGD,RUB,Продажа,1,906.4,906.40,0.00,0.54,0.09,4829221233,,О
30.12.2021,04.01.2022,16:27:05,FXGDETF,FXGD,RUB,Продажа,1,906.2,906.20,0.00,0.54,0.09,4829225682,,О
30.12.2021,04.01.2022,16:30:25,FXGDETF,FXGD,RUB,Покупка,2,906.8,1813.60,0.00,1.09,0.17,4829239337,,О
22.12.2022,23.12.2022,19:12:01,25084,RU000A101FA1,RUB,Покупка,30,98.621,29586.30,344.10,17.75,2.81,7088015774,,И
23.12.2022,27.12.2022,16:44:05,БПИФбрутто,SBMX,RUB,Покупка,53,11.584,613.95,0.00,0.00,0.19,7099375184,,И
30.11.2023,01.12.2023,19:10:58,МТС-ао,MTSS,RUB,Покупка,10,254.7,2547.00,0.00,1.53,0.00,9080959548,,И
30.11.2023,01.12.2023,19:14:58,СевСт-ао,CHMF,RUB,Покупка,1,1271.8,1271.80,0.00,0.76,0.00,9080967468,,И
30.11.2023,01.12.2023,19:15:49,ИнтерРАОао,IRAO,RUB,Покупка,100,4.168,416.80,0.00,0.25,0.00,9080968585,,И
30.11.2023,01.12.2023,19:10:58,МТС-ао,MTSS,RUB,Покупка,10,254.7,2547.00,0.00,1.53,0.00,9080959548,,И
30.11.2023,01.12.2023,19:14:58,СевСт-ао,CHMF,RUB,Покупка,1,1271.8,1271.80,0.00,0.76,0.00,9080967468,,И
30.11.2023,01.12.2023,19:15:49,ИнтерРАОао,IRAO,RUB,Покупка,100,4.168,416.80,0.00,0.25,0.00,9080968585,,И
12.12.2023,13.12.2023,18:05:01,ГАЗПРОМао,GAZP,RUB,Покупка,10,163.13,1631.30,0.00,0.98,0.49,9180837630,,И
12.12.2023,13.12.2023,18:11:29,ИнтерРАОао,IRAO,RUB,Покупка,200,3.8865,777.30,0.00,0.47,0.00,9180879364,,И
12.12.2023,13.12.2023,18:15:40,YandexclA,YNDX,RUB,Покупка,1,2274,2274.00,0.00,1.36,0.00,9180905063,,И
19.12.2023,20.12.2023,13:26:19,КПокров1P1,RU000A102S23,RUB,Покупка,7,97.4,6818.00,63.56,4.09,0.40,9239523320,,И
19.12.2023,20.12.2023,13:26:21,КПокров1P1,RU000A102S23,RUB,Покупка,3,97.4,2922.00,27.24,1.75,0.17,9239523625,,И
29.12.2023,03.01.2024,13:19:13,Сбербанк,SBER,RUB,Покупка,10,272,2720.00,0.00,1.63,0.82,9327081300,,О
29.12.2023,03.01.2024,13:20:41,Системаао,AFKS,RUB,Покупка,100,16.058,1605.80,0.00,0.96,0.00,9327090308,,О
29.12.2023,03.01.2024,13:26:13,ИнтерРАОао,IRAO,RUB,Покупка,100,3.9405,394.05,0.00,0.24,0.00,9327124562,,О
02.03.2023,03.03.2023,17:43:21,25084,RU000A101FA1,RUB,Покупка,2,98.842,1976.84,43.28,1.19,0.30,7359771110,,ЗО
02.03.2023,06.03.2023,17:49:45,Сбербанк,SBER,RUB,Покупка,10,168.58,1685.80,0.00,1.01,0.50,7359790795,,ЗО
02.03.2023,06.03.2023,18:02:11,БПИФбрутто,SBMX,RUB,Покупка,100,12.364,1236.40,0.00,0.00,0.37,7359828041,,ЗО
27.04.2023,02.05.2023,12:52:37,БПИФбрутто,SBMX,RUB,Покупка,80,14.389,1151.12,0.00,0.00,0.35,7587448512,,И
27.04.2023,02.05.2023,13:05:22,Сбербанк,SBER,RUB,Покупка,10,238.6,2386.00,0.00,1.43,0.71,7587511423,,И
27.04.2023,02.05.2023,13:05:55,ГАЗПРОМао,GAZP,RUB,Покупка,10,178.95,1789.50,0.00,1.08,0.54,7587514459,,И
02.10.2023,03.10.2023,10:12:36,Магнитао,MGNT,RUB,Покупка,1,5513,5513.00,0.00,3.31,1.65,8521450698,,ЗО
30.12.2021,04.01.2022,16:22:03,FXGDETF,FXGD,RUB,Продажа,1,906.2,906.20,0.00,0.54,0.09,4829207953,,О
30.12.2021,04.01.2022,16:24:34,FXGDETF,FXGD,RUB,Покупка,1,906.4,906.40,0.00,0.55,0.09,4829216361,,О
30.12.2021,04.01.2022,16:25:48,FXGDETF,FXGD,RUB,Продажа,1,906.4,906.40,0.00,0.54,0.09,4829221233,,О
30.12.2021,04.01.2022,16:27:05,FXGDETF,FXGD,RUB,Продажа,1,906.2,906.20,0.00,0.54,0.09,4829225682,,О
30.12.2021,04.01.2022,16:30:25,FXGDETF,FXGD,RUB,Покупка,2,906.8,1813.60,0.00,1.09,0.17,4829239337,,О
29.12.2023,03.01.2024,13:19:13,Сбербанк,SBER,RUB,Покупка,10,272,2720.00,0.00,1.63,0.82,9327081300,,И
29.12.2023,03.01.2024,13:20:41,Системаао,AFKS,RUB,Покупка,100,16.058,1605.80,0.00,0.96,0.00,9327090308,,И
29.12.2023,03.01.2024,13:26:13,ИнтерРАОао,IRAO,RUB,Покупка,100,3.9405,394.05,0.00,0.24,0.00,9327124562,,И
02.03.2023,03.03.2023,17:43:21,25084,RU000A101FA1,RUB,Покупка,2,98.842,1976.84,43.28,1.19,0.30,7359771110,,И
02.03.2023,06.03.2023,17:49:45,Сбербанк,SBER,RUB,Покупка,10,168.58,1685.80,0.00,1.01,0.50,7359790795,,О
02.03.2023,06.03.2023,18:02:11,БПИФбрутто,SBMX,RUB,Покупка,100,12.364,1236.40,0.00,0.00,0.37,7359828041,,О
02.10.2023,03.10.2023,10:12:36,Магнитао,MGNT,RUB,Покупка,1,5513,5513.00,0.00,3.31,1.65,8521450698,,И
30.12.2021,04.01.2022,16:22:03,FXGDETF,FXGD,RUB,Продажа,1,906.2,906.20,0.00,0.54,0.09,4829207953,,И
30.12.2021,04.01.2022,16:24:34,FXGDETF,FXGD,RUB,Покупка,1,906.4,906.40,0.00,0.55,0.09,4829216361,,И
30.12.2021,04.01.2022,16:25:48,FXGDETF,FXGD,RUB,Продажа,1,906.4,906.40,0.00,0.54,0.09,4829221233,,И
30.12.2021,04.01.2022,16:27:05,FXGDETF,FXGD,RUB,Продажа,1,906.2,906.20,0.00,0.54,0.09,4829225682,,И
30.12.2021,04.01.2022,16:30:25,FXGDETF,FXGD,RUB,Покупка,2,906.8,1813.60,0.00,1.09,0.17,4829239337,,И
01.03.2024,04.03.2024,22:54:04,МосБиржа,MOEX,RUB,Покупка,10,199.26,1992.60,0.00,1.20,0.00,9735631396,,И
30.09.2021,04.10.2021,10:59:34,SBSPETF,SBSP,RUB,Покупка,1,1696.2,1696.20,0.00,0.00,0.16,4453542268,,И
02.03.2023,06.03.2023,17:49:45,Сбербанк,SBER,RUB,Покупка,10,168.58,1685.80,0.00,1.01,0.50,7359790795,,И
02.03.2023,06.03.2023,18:02:11,БПИФбрутто,SBMX,RUB,Покупка,100,12.364,1236.40,0.00,0.00,0.37,7359828041,,И
09.06.2021,11.06.2021,12:45:24,БПИФбрутто,SBMX,RUB,Покупка,40,18.88,755.20,0.00,0.45,0.07,4019876426,,ЗО
09.06.2021,11.06.2021,12:45:24,БПИФбрутто,SBMX,RUB,Покупка,40,18.88,755.20,0.00,0.45,0.07,4019876426,,О
09.06.2021,11.06.2021,12:45:24,БПИФбрутто,SBMX,RUB,Покупка,40,18.88,755.20,0.00,0.45,0.07,4019876426,,И
11.06.2021,15.06.2021,22:19:00,FXUSETF,FXUS,RUB,Покупка,1,5616,5616.00,0.00,3.37,0.52,4029471218,,ЗО
12.05.2023,16.05.2023,18:20:45,ЛУКОЙЛ,LKOH,RUB,Покупка,1,4817,4817.00,0.00,2.89,1.44,7646220764,,ЗО
12.12.2023,13.12.2023,18:05:01,ГАЗПРОМао,GAZP,RUB,Покупка,10,163.13,1631.30,0.00,0.98,0.49,9180837630,,ЗО
12.12.2023,13.12.2023,18:11:29,ИнтерРАОао,IRAO,RUB,Покупка,200,3.8865,777.30,0.00,0.47,0.00,9180879364,,ЗО
12.12.2023,13.12.2023,18:15:40,YandexclA,YNDX,RUB,Покупка,1,2274,2274.00,0.00,1.36,0.00,9180905063,,ЗО
12.12.2023,13.12.2023,18:05:01,ГАЗПРОМао,GAZP,RUB,Покупка,10,163.13,1631.30,0.00,0.98,0.49,9180837630,,И
12.12.2023,13.12.2023,18:11:29,ИнтерРАОао,IRAO,RUB,Покупка,200,3.8865,777.30,0.00,0.47,0.00,9180879364,,И
12.12.2023,13.12.2023,18:15:40,YandexclA,YNDX,RUB,Покупка,1,2274,2274.00,0.00,1.36,0.00,9180905063,,И
14.04.2023,18.04.2023,18:17:09,ГАЗПРОМао,GAZP,RUB,Покупка,10,178.29,1782.90,0.00,1.07,0.54,7544809849,,ЗО
14.04.2023,17.04.2023,18:20:18,25084,RU000A101FA1,RUB,Покупка,2,99.199,1983.98,3.48,1.19,0.25,7544819275,,ЗО
14.04.2023,18.04.2023,18:22:12,БПИФбрутто,SBMX,RUB,Покупка,70,13.985,978.95,0.00,0.00,0.29,7544825001,,ЗО
11.06.2021,15.06.2021,22:19:00,FXUSETF,FXUS,RUB,Покупка,1,5616,5616.00,0.00,3.37,0.52,4029471218,,О
14.06.2023,16.06.2023,22:39:10,YandexclA,YNDX,RUB,Покупка,1,2640,2640.00,0.00,1.58,0.80,7744389521,,ЗО
14.06.2023,16.06.2023,22:40:28,Сбербанк,SBER,RUB,Покупка,10,244.44,2444.40,0.00,1.47,0.73,7744390760,,ЗО
14.08.2023,15.08.2023,19:06:28,СевСт-ао,CHMF,RUB,Покупка,1,1321.8,1321.80,0.00,0.79,0.40,8088131206,,ЗО
14.08.2023,15.08.2023,19:07:03,Системаао,AFKS,RUB,Покупка,100,18.107,1810.70,0.00,1.09,0.54,8088134689,,ЗО
14.08.2023,15.08.2023,19:07:50,ИнтерРАОао,IRAO,RUB,Покупка,400,4.1505,1660.20,0.00,1.00,0.50,8088139159,,ЗО
14.09.2023,15.09.2023,20:01:07,МТС-ао,MTSS,RUB,Покупка,10,277.35,2773.50,0.00,1.66,0.83,8365637218,,ЗО
14.09.2023,15.09.2023,20:01:44,СевСт-ао,CHMF,RUB,Покупка,1,1296.8,1296.80,0.00,0.78,0.39,8365637605,,ЗО
14.09.2023,15.09.2023,20:02:46,ИнтерРАОао,IRAO,RUB,Покупка,200,4.272,854.40,0.00,0.51,0.26,8365638476,,ЗО
15.01.2024,16.01.2024,18:45:09,Сбербанк,SBER,RUB,Покупка,10,276.1,2761.00,0.00,1.66,0.42,9393609887,,ЗО
15.01.2024,16.01.2024,19:33:43,ГАЗПРОМао,GAZP,RUB,Покупка,10,163.61,1636.10,0.00,0.98,0.49,9393668173,,ЗО
15.01.2024,16.01.2024,19:34:40,МТС-ао,MTSS,RUB,Покупка,10,267.25,2672.50,0.00,1.60,0.80,9393669101,,ЗО
15.01.2024,16.01.2024,19:36:30,ИнтерРАОао,IRAO,RUB,Покупка,300,4.095,1228.50,0.00,0.74,0.37,9393671299,,ЗО
15.01.2024,16.01.2024,19:37:16,СевСт-ао,CHMF,RUB,Покупка,1,1543,1543.00,0.00,0.92,0.00,9393674325,,ЗО
15.02.2024,16.02.2024,15:20:44,26227,RU000A1007F4,RUB,Покупка,20,97.421,19484.20,121.60,11.69,2.44,9603996518,,ЗО
15.02.2024,16.02.2024,15:37:48,ГАЗПРОМао,GAZP,RUB,Покупка,20,162.13,3242.60,0.00,1.95,0.97,9604109099,,ЗО
15.02.2024,16.02.2024,15:40:29,ИнтерРАОао,IRAO,RUB,Покупка,100,4.081,408.10,0.00,0.24,0.12,9604124599,,ЗО
15.02.2024,16.02.2024,15:41:14,ЛУКОЙЛ,LKOH,RUB,Покупка,1,7280,7280.00,0.00,4.37,0.00,9604128814,,ЗО
15.03.2024,18.03.2024,20:16:45,МосБиржа,MOEX,RUB,Покупка,10,210.4,2104.00,0.00,1.26,0.00,9857593070,,ЗО
15.03.2024,18.03.2024,20:19:18,СевСт-ао,CHMF,RUB,Покупка,1,1715.2,1715.20,0.00,1.03,0.00,9857595026,,ЗО
15.03.2024,18.03.2024,20:19:36,ИнтерРАОао,IRAO,RUB,Покупка,300,4.101,1230.30,0.00,0.74,0.00,9857595244,,ЗО
15.04.2024,16.04.2024,11:06:46,Сбербанк,SBER,RUB,Покупка,10,307.71,3077.10,0.00,1.85,0.92,10113634734,,ЗО
15.04.2024,16.04.2024,11:14:50,ИнтерРАОао,IRAO,RUB,Покупка,200,4.2715,854.30,0.00,0.51,0.26,10113853627,,ЗО
15.04.2024,16.04.2024,11:15:35,МосБиржа,MOEX,RUB,Покупка,10,231.39,2313.90,0.00,1.39,0.70,10113891434,,ЗО
15.04.2024,16.04.2024,11:35:12,SBGDETF,SBGD,RUB,Покупка,20,21.25,425.00,0.00,0.00,0.12,10114748219,,ЗО
15.04.2024,16.04.2024,11:36:45,БПИФбрутто,SBMX,RUB,Покупка,48,20.15,967.20,0.00,0.00,0.29,10114761930,,ЗО
15.04.2024,16.04.2024,11:36:45,БПИФбрутто,SBMX,RUB,Покупка,22,20.153,443.37,0.00,0.00,0.14,10114761931,,ЗО
15.04.2024,16.04.2024,11:38:12,МосБиржа,MOEX,RUB,Покупка,10,231.7,2317.00,0.00,1.39,0.70,10114776597,,ЗО
12.05.2023,16.05.2023,18:20:45,ЛУКОЙЛ,LKOH,RUB,Покупка,1,4817,4817.00,0.00,2.89,1.44,7646220764,,О
11.06.2021,15.06.2021,22:19:00,FXUSETF,FXUS,RUB,Покупка,1,5616,5616.00,0.00,3.37,0.52,4029471218,,И
14.06.2023,16.06.2023,22:39:10,YandexclA,YNDX,RUB,Покупка,1,2640,2640.00,0.00,1.58,0.80,7744389521,,О
14.06.2023,16.06.2023,22:40:28,Сбербанк,SBER,RUB,Покупка,10,244.44,2444.40,0.00,1.47,0.73,7744390760,,О
14.08.2023,15.08.2023,19:06:28,СевСт-ао,CHMF,RUB,Покупка,1,1321.8,1321.80,0.00,0.79,0.40,8088131206,,И
14.08.2023,15.08.2023,19:07:03,Системаао,AFKS,RUB,Покупка,100,18.107,1810.70,0.00,1.09,0.54,8088134689,,И
14.08.2023,15.08.2023,19:07:50,ИнтерРАОао,IRAO,RUB,Покупка,400,4.1505,1660.20,0.00,1.00,0.50,8088139159,,И
15.09.2021,17.09.2021,15:01:02,VTBEETF,VTBE,RUB,Покупка,14,92.92,1300.88,0.00,0.00,0.12,4388701593,,ЗО
15.09.2021,17.09.2021,15:09:39,FXDMETF,FXDM,RUB,Покупка,12,77.66,931.92,0.00,0.00,0.09,4388750615,,ЗО
15.09.2021,17.09.2021,15:12:44,FXRWETF,FXRW,RUB,Покупка,335,1.3183,441.63,0.00,0.00,0.04,4388771103,,ЗО
15.09.2021,17.09.2021,15:16:18,FXIMETF,FXIM,RUB,Покупка,3,96.2,288.60,0.00,0.00,0.03,4388784287,,ЗО
14.09.2023,15.09.2023,20:01:07,МТС-ао,MTSS,RUB,Покупка,10,277.35,2773.50,0.00,1.66,0.83,8365637218,,И
14.09.2023,15.09.2023,20:01:44,СевСт-ао,CHMF,RUB,Покупка,1,1296.8,1296.80,0.00,0.78,0.39,8365637605,,И
14.09.2023,15.09.2023,20:02:46,ИнтерРАОао,IRAO,RUB,Покупка,200,4.272,854.40,0.00,0.51,0.26,8365638476,,И
15.11.2023,16.11.2023,11:32:27,ЛУКОЙЛ,LKOH,RUB,Покупка,1,7165,7165.00,0.00,4.30,0.00,8949754486,,ЗО
15.11.2023,16.11.2023,11:35:28,ИнтерРАОао,IRAO,RUB,Покупка,100,4.2015,420.15,0.00,0.25,0.00,8949777553,,ЗО
15.12.2021,17.12.2021,12:29:55,БПИФбрутто,SBMX,RUB,Покупка,52,18.509,962.47,0.00,0.00,0.09,4765590001,,ЗО
15.12.2021,17.12.2021,12:30:29,FXRLETF,FXRL,RUB,Покупка,15,40.065,600.98,0.00,0.36,0.05,4765593817,,ЗО
15.12.2021,17.12.2021,12:31:02,FXRWETF,FXRW,RUB,Покупка,100,1.3251,132.51,0.00,0.08,0.02,4765597650,,ЗО
15.12.2021,17.12.2021,12:31:34,FXDMETF,FXDM,RUB,Покупка,8,76.69,613.52,0.00,0.37,0.05,4765601747,,ЗО
15.12.2021,17.12.2021,12:32:35,FXDEETF,FXDE,RUB,Покупка,3,28.99,86.97,0.00,0.05,0.02,4765609314,,ЗО
15.12.2021,17.12.2021,12:48:11,VTBEETF,VTBE,RUB,Покупка,4,89.49,357.96,0.00,0.22,0.03,4765703929,,ЗО
15.01.2024,16.01.2024,18:45:09,Сбербанк,SBER,RUB,Покупка,10,276.1,2761.00,0.00,1.66,0.42,9393609887,,И
15.01.2024,16.01.2024,19:33:43,ГАЗПРОМао,GAZP,RUB,Покупка,10,163.61,1636.10,0.00,0.98,0.49,9393668173,,И
15.01.2024,16.01.2024,19:34:40,МТС-ао,MTSS,RUB,Покупка,10,267.25,2672.50,0.00,1.60,0.80,9393669101,,И
15.01.2024,16.01.2024,19:36:30,ИнтерРАОао,IRAO,RUB,Покупка,300,4.095,1228.50,0.00,0.74,0.37,9393671299,,И
15.01.2024,16.01.2024,19:37:16,СевСт-ао,CHMF,RUB,Покупка,1,1543,1543.00,0.00,0.92,0.00,9393674325,,И
15.02.2024,16.02.2024,15:20:44,26227,RU000A1007F4,RUB,Покупка,20,97.421,19484.20,121.60,11.69,2.44,9603996518,,И
15.02.2024,16.02.2024,15:37:48,ГАЗПРОМао,GAZP,RUB,Покупка,20,162.13,3242.60,0.00,1.95,0.97,9604109099,,И
15.02.2024,16.02.2024,15:40:29,ИнтерРАОао,IRAO,RUB,Покупка,100,4.081,408.10,0.00,0.24,0.12,9604124599,,И
15.02.2024,16.02.2024,15:41:14,ЛУКОЙЛ,LKOH,RUB,Покупка,1,7280,7280.00,0.00,4.37,0.00,9604128814,,И
15.04.2024,16.04.2024,11:06:46,Сбербанк,SBER,RUB,Покупка,10,307.71,3077.10,0.00,1.85,0.92,10113634734,,И
15.04.2024,16.04.2024,11:14:50,ИнтерРАОао,IRAO,RUB,Покупка,200,4.2715,854.30,0.00,0.51,0.26,10113853627,,И
15.04.2024,16.04.2024,11:15:35,МосБиржа,MOEX,RUB,Покупка,10,231.39,2313.90,0.00,1.39,0.70,10113891434,,И
15.04.2024,16.04.2024,11:35:12,SBGDETF,SBGD,RUB,Покупка,20,21.25,425.00,0.00,0.00,0.12,10114748219,,И
15.04.2024,16.04.2024,11:36:45,БПИФбрутто,SBMX,RUB,Покупка,48,20.15,967.20,0.00,0.00,0.29,10114761930,,И
15.04.2024,16.04.2024,11:36:45,БПИФбрутто,SBMX,RUB,Покупка,22,20.153,443.37,0.00,0.00,0.14,10114761931,,И
15.04.2024,16.04.2024,11:38:12,МосБиржа,MOEX,RUB,Покупка,10,231.7,2317.00,0.00,1.39,0.70,10114776597,,И
12.05.2023,16.05.2023,18:20:45,ЛУКОЙЛ,LKOH,RUB,Покупка,1,4817,4817.00,0.00,2.89,1.44,7646220764,,И
14.06.2023,16.06.2023,22:39:10,YandexclA,YNDX,RUB,Покупка,1,2640,2640.00,0.00,1.58,0.80,7744389521,,И
14.06.2023,16.06.2023,22:40:28,Сбербанк,SBER,RUB,Покупка,10,244.44,2444.40,0.00,1.47,0.73,7744390760,,И
15.09.2021,17.09.2021,15:01:02,VTBEETF,VTBE,RUB,Покупка,14,92.92,1300.88,0.00,0.00,0.12,4388701593,,О
15.09.2021,17.09.2021,15:09:39,FXDMETF,FXDM,RUB,Покупка,12,77.66,931.92,0.00,0.00,0.09,4388750615,,О
15.09.2021,17.09.2021,15:12:44,FXRWETF,FXRW,RUB,Покупка,335,1.3183,441.63,0.00,0.00,0.04,4388771103,,О
15.09.2021,17.09.2021,15:16:18,FXIMETF,FXIM,RUB,Покупка,3,96.2,288.60,0.00,0.00,0.03,4388784287,,О
15.11.2023,16.11.2023,11:32:27,ЛУКОЙЛ,LKOH,RUB,Покупка,1,7165,7165.00,0.00,4.30,0.00,8949754486,,И
15.11.2023,16.11.2023,11:35:28,ИнтерРАОао,IRAO,RUB,Покупка,100,4.2015,420.15,0.00,0.25,0.00,8949777553,,И
15.12.2021,17.12.2021,12:29:55,БПИФбрутто,SBMX,RUB,Покупка,52,18.509,962.47,0.00,0.00,0.09,4765590001,,О
15.12.2021,17.12.2021,12:30:29,FXRLETF,FXRL,RUB,Покупка,15,40.065,600.98,0.00,0.36,0.05,4765593817,,О
15.12.2021,17.12.2021,12:31:02,FXRWETF,FXRW,RUB,Покупка,100,1.3251,132.51,0.00,0.08,0.02,4765597650,,О
15.12.2021,17.12.2021,12:31:34,FXDMETF,FXDM,RUB,Покупка,8,76.69,613.52,0.00,0.37,0.05,4765601747,,О
15.12.2021,17.12.2021,12:32:35,FXDEETF,FXDE,RUB,Покупка,3,28.99,86.97,0.00,0.05,0.02,4765609314,,О
15.12.2021,17.12.2021,12:48:11,VTBEETF,VTBE,RUB,Покупка,4,89.49,357.96,0.00,0.22,0.03,4765703929,,О
17.01.2024,18.01.2024,11:26:52,КПокров1P1,RU000A102S23,RUB,Покупка,24,98.55,23652.00,403.92,14.19,0.68,9412467403,,ЗО
17.02.2022,21.02.2022,11:52:04,FXRUETF,FXRU,RUB,Покупка,13,92.7,1205.10,0.00,0.72,0.11,5002244893,,ЗО
17.02.2022,21.02.2022,11:53:18,FXGDETF,FXGD,RUB,Покупка,2,96.85,193.70,0.00,0.12,0.02,5002270641,,ЗО
17.02.2022,21.02.2022,11:53:24,FXIMETF,FXIM,RUB,Покупка,2,94.94,189.88,0.00,0.11,0.02,5002272511,,ЗО
17.02.2022,21.02.2022,11:53:33,FXUSETF,FXUS,RUB,Покупка,5,61.75,308.75,0.00,0.19,0.03,5002275241,,ЗО
17.02.2022,21.02.2022,11:54:12,FXDEETF,FXDE,RUB,Покупка,6,29.87,179.22,0.00,0.11,0.02,5002287624,,ЗО
17.02.2022,21.02.2022,11:54:30,VTBEETF,VTBE,RUB,Покупка,3,94.83,284.49,0.00,0.17,0.03,5002294597,,ЗО
17.02.2022,21.02.2022,11:55:34,SBSPETF,SBSP,RUB,Покупка,1,1797.6,1797.60,0.00,0.00,0.17,5002311372,,ЗО
17.02.2022,21.02.2022,11:56:27,FXRLETF,FXRL,RUB,Покупка,5,39.3,196.50,0.00,0.12,0.02,5002317146,,ЗО
17.02.2022,21.02.2022,11:56:34,БПИФбрутто,SBMX,RUB,Покупка,7,18.257,127.80,0.00,0.00,0.02,5002318604,,ЗО
17.02.2022,21.02.2022,11:56:56,FXDMETF,FXDM,RUB,Покупка,3,80.29,240.87,0.00,0.14,0.02,5002320424,,ЗО
17.02.2022,21.02.2022,11:59:28,FXRWETF,FXRW,RUB,Покупка,35,1.3039,45.64,0.00,0.03,0.02,5002335531,,ЗО
14.04.2023,18.04.2023,18:17:09,ГАЗПРОМао,GAZP,RUB,Покупка,10,178.29,1782.90,0.00,1.07,0.54,7544809849,,О
14.04.2023,17.04.2023,18:20:18,25084,RU000A101FA1,RUB,Покупка,2,99.199,1983.98,3.48,1.19,0.25,7544819275,,И
14.04.2023,18.04.2023,18:22:12,БПИФбрутто,SBMX,RUB,Покупка,70,13.985,978.95,0.00,0.00,0.29,7544825001,,О
17.05.2021,19.05.2021,10:21:16,SBSPETF,SBSP,RUB,Покупка,1,1633,1633.00,0.00,0.98,0.15,3943134134,,ЗО
17.05.2021,19.05.2021,10:22:48,FXUSETF,FXUS,RUB,Покупка,1,5615,5615.00,0.00,3.37,0.52,3943142919,,ЗО
17.05.2021,19.05.2021,10:28:00,FXRLETF,FXRL,RUB,Покупка,1,3896.5,3896.50,0.00,2.34,0.36,3943169446,,ЗО
17.05.2021,19.05.2021,10:32:49,FXDMETF,FXDM,RUB,Покупка,40,75.97,3038.80,0.00,1.82,0.28,3943195531,,ЗО
17.05.2021,19.05.2021,10:38:09,FXRUETF,FXRU,RUB,Покупка,2,951.4,1902.80,0.00,1.14,0.18,3943220803,,ЗО
17.05.2021,19.05.2021,10:38:27,FXDEETF,FXDE,RUB,Покупка,1,3117,3117.00,0.00,1.87,0.29,3943222195,,ЗО
17.05.2021,19.05.2021,10:39:11,FXIMETF,FXIM,RUB,Покупка,20,84,1680.00,0.00,1.01,0.16,3943226490,,ЗО
17.05.2021,19.05.2021,10:42:16,БПИФбрутто,SBMX,RUB,Покупка,1,1793,1793.00,0.00,1.08,0.17,3943245308,,ЗО
17.05.2021,19.05.2021,10:44:08,FXRWETF,FXRW,RUB,Покупка,465,1.2158,565.35,0.00,0.34,0.05,3943253105,,ЗО
17.05.2021,19.05.2021,10:54:45,БПИФбрутто,SBMX,RUB,Покупка,1,1790,1790.00,0.00,1.07,0.17,3943320109,,ЗО
17.05.2021,19.05.2021,10:59:00,SBSPETF,SBSP,RUB,Покупка,1,1633.6,1633.60,0.00,0.98,0.15,3943343040,,ЗО
17.05.2021,19.05.2021,11:10:38,VTBEETF,VTBE,RUB,Покупка,3,93.94,281.82,0.00,0.17,0.03,3943397116,,ЗО
15.09.2021,17.09.2021,15:01:02,VTBEETF,VTBE,RUB,Покупка,14,92.92,1300.88,0.00,0.00,0.12,4388701593,,И
15.09.2021,17.09.2021,15:09:39,FXDMETF,FXDM,RUB,Покупка,12,77.66,931.92,0.00,0.00,0.09,4388750615,,И
15.09.2021,17.09.2021,15:12:44,FXRWETF,FXRW,RUB,Покупка,335,1.3183,441.63,0.00,0.00,0.04,4388771103,,И
15.09.2021,17.09.2021,15:16:18,FXIMETF,FXIM,RUB,Покупка,3,96.2,288.60,0.00,0.00,0.03,4388784287,,И
15.12.2021,17.12.2021,12:29:55,БПИФбрутто,SBMX,RUB,Покупка,52,18.509,962.47,0.00,0.00,0.09,4765590001,,И
15.12.2021,17.12.2021,12:30:29,FXRLETF,FXRL,RUB,Покупка,15,40.065,600.98,0.00,0.36,0.05,4765593817,,И
15.12.2021,17.12.2021,12:31:02,FXRWETF,FXRW,RUB,Покупка,100,1.3251,132.51,0.00,0.08,0.02,4765597650,,И
15.12.2021,17.12.2021,12:31:34,FXDMETF,FXDM,RUB,Покупка,8,76.69,613.52,0.00,0.37,0.05,4765601747,,И
15.12.2021,17.12.2021,12:32:35,FXDEETF,FXDE,RUB,Покупка,3,28.99,86.97,0.00,0.05,0.02,4765609314,,И
15.12.2021,17.12.2021,12:48:11,VTBEETF,VTBE,RUB,Покупка,4,89.49,357.96,0.00,0.22,0.03,4765703929,,И
17.01.2024,18.01.2024,11:26:52,КПокров1P1,RU000A102S23,RUB,Покупка,24,98.55,23652.00,403.92,14.19,0.68,9412467403,,И
17.02.2022,21.02.2022,11:52:04,FXRUETF,FXRU,RUB,Покупка,13,92.7,1205.10,0.00,0.72,0.11,5002244893,,О
17.02.2022,21.02.2022,11:53:18,FXGDETF,FXGD,RUB,Покупка,2,96.85,193.70,0.00,0.12,0.02,5002270641,,О
17.02.2022,21.02.2022,11:53:24,FXIMETF,FXIM,RUB,Покупка,2,94.94,189.88,0.00,0.11,0.02,5002272511,,О
17.02.2022,21.02.2022,11:53:33,FXUSETF,FXUS,RUB,Покупка,5,61.75,308.75,0.00,0.19,0.03,5002275241,,О
17.02.2022,21.02.2022,11:54:12,FXDEETF,FXDE,RUB,Покупка,6,29.87,179.22,0.00,0.11,0.02,5002287624,,О
17.02.2022,21.02.2022,11:54:30,VTBEETF,VTBE,RUB,Покупка,3,94.83,284.49,0.00,0.17,0.03,5002294597,,О
17.02.2022,21.02.2022,11:55:34,SBSPETF,SBSP,RUB,Покупка,1,1797.6,1797.60,0.00,0.00,0.17,5002311372,,О
17.02.2022,21.02.2022,11:56:27,FXRLETF,FXRL,RUB,Покупка,5,39.3,196.50,0.00,0.12,0.02,5002317146,,О
17.02.2022,21.02.2022,11:56:34,БПИФбрутто,SBMX,RUB,Покупка,7,18.257,127.80,0.00,0.00,0.02,5002318604,,О
17.02.2022,21.02.2022,11:56:56,FXDMETF,FXDM,RUB,Покупка,3,80.29,240.87,0.00,0.14,0.02,5002320424,,О
17.02.2022,21.02.2022,11:59:28,FXRWETF,FXRW,RUB,Покупка,35,1.3039,45.64,0.00,0.03,0.02,5002335531,,О
15.03.2024,18.03.2024,20:16:45,МосБиржа,MOEX,RUB,Покупка,10,210.4,2104.00,0.00,1.26,0.00,9857593070,,И
15.03.2024,18.03.2024,20:19:18,СевСт-ао,CHMF,RUB,Покупка,1,1715.2,1715.20,0.00,1.03,0.00,9857595026,,И
15.03.2024,18.03.2024,20:19:36,ИнтерРАОао,IRAO,RUB,Покупка,300,4.101,1230.30,0.00,0.74,0.00,9857595244,,И
18.03.2024,19.03.2024,11:12:14,БПИФбрутто,SBMX,RUB,Покупка,200,19.15,3830.00,0.00,0.00,0.00,9871145550,,ЗО
18.03.2024,19.03.2024,11:14:45,SBGDETF,SBGD,RUB,Покупка,30,19.27,578.10,0.00,0.00,0.00,9871252917,,ЗО
18.03.2024,19.03.2024,11:23:22,SBGDETF,SBGD,RUB,Покупка,70,19.315,1352.05,0.00,0.00,0.40,9871637459,,ЗО
14.04.2023,18.04.2023,18:17:09,ГАЗПРОМао,GAZP,RUB,Покупка,10,178.29,1782.90,0.00,1.07,0.54,7544809849,,И
14.04.2023,18.04.2023,18:22:12,БПИФбрутто,SBMX,RUB,Покупка,70,13.985,978.95,0.00,0.00,0.29,7544825001,,И
17.05.2021,19.05.2021,10:21:16,SBSPETF,SBSP,RUB,Покупка,1,1633,1633.00,0.00,0.98,0.15,3943134134,,О
17.05.2021,19.05.2021,10:22:48,FXUSETF,FXUS,RUB,Покупка,1,5615,5615.00,0.00,3.37,0.52,3943142919,,О
17.05.2021,19.05.2021,10:28:00,FXRLETF,FXRL,RUB,Покупка,1,3896.5,3896.50,0.00,2.34,0.36,3943169446,,О
17.05.2021,19.05.2021,10:32:49,FXDMETF,FXDM,RUB,Покупка,40,75.97,3038.80,0.00,1.82,0.28,3943195531,,О
17.05.2021,19.05.2021,10:38:09,FXRUETF,FXRU,RUB,Покупка,2,951.4,1902.80,0.00,1.14,0.18,3943220803,,О
17.05.2021,19.05.2021,10:38:27,FXDEETF,FXDE,RUB,Покупка,1,3117,3117.00,0.00,1.87,0.29,3943222195,,О
17.05.2021,19.05.2021,10:39:11,FXIMETF,FXIM,RUB,Покупка,20,84,1680.00,0.00,1.01,0.16,3943226490,,О
17.05.2021,19.05.2021,10:42:16,БПИФбрутто,SBMX,RUB,Покупка,1,1793,1793.00,0.00,1.08,0.17,3943245308,,О
17.05.2021,19.05.2021,10:44:08,FXRWETF,FXRW,RUB,Покупка,465,1.2158,565.35,0.00,0.34,0.05,3943253105,,О
17.05.2021,19.05.2021,10:54:45,БПИФбрутто,SBMX,RUB,Покупка,1,1790,1790.00,0.00,1.07,0.17,3943320109,,О
17.05.2021,19.05.2021,10:59:00,SBSPETF,SBSP,RUB,Покупка,1,1633.6,1633.60,0.00,0.98,0.15,3943343040,,О
17.05.2021,19.05.2021,11:10:38,VTBEETF,VTBE,RUB,Покупка,3,93.94,281.82,0.00,0.17,0.03,3943397116,,О
18.06.2021,22.06.2021,22:16:53,FXRUETF,FXRU,RUB,Покупка,1,944.2,944.20,0.00,0.57,0.09,4052270711,,ЗО
18.06.2021,22.06.2021,22:17:32,FXGDETF,FXGD,RUB,Покупка,1,869.8,869.80,0.00,0.52,0.08,4052270834,,ЗО
18.07.2023,20.07.2023,16:07:57,СевСт-ао,CHMF,RUB,Покупка,1,1275.6,1275.60,0.00,0.77,0.38,7908972071,,ЗО
18.07.2023,20.07.2023,17:52:50,Сбербанк,SBER,RUB,Покупка,10,246.21,2462.10,0.00,1.48,0.73,7909781928,,ЗО
18.07.2023,20.07.2023,17:55:20,Системаао,AFKS,RUB,Покупка,100,17.744,1774.40,0.00,1.06,0.54,7909796018,,ЗО
18.07.2023,20.07.2023,17:56:39,ИнтерРАОао,IRAO,RUB,Покупка,200,4.159,831.80,0.00,0.50,0.25,7909802059,,ЗО
18.03.2024,19.03.2024,11:12:14,БПИФбрутто,SBMX,RUB,Покупка,200,19.15,3830.00,0.00,0.00,0.00,9871145550,,И
18.03.2024,19.03.2024,11:14:45,SBGDETF,SBGD,RUB,Покупка,30,19.27,578.10,0.00,0.00,0.00,9871252917,,И
18.03.2024,19.03.2024,11:23:22,SBGDETF,SBGD,RUB,Покупка,70,19.315,1352.05,0.00,0.00,0.40,9871637459,,И
17.05.2021,19.05.2021,10:21:16,SBSPETF,SBSP,RUB,Покупка,1,1633,1633.00,0.00,0.98,0.15,3943134134,,И
17.05.2021,19.05.2021,10:22:48,FXUSETF,FXUS,RUB,Покупка,1,5615,5615.00,0.00,3.37,0.52,3943142919,,И
17.05.2021,19.05.2021,10:28:00,FXRLETF,FXRL,RUB,Покупка,1,3896.5,3896.50,0.00,2.34,0.36,3943169446,,И
17.05.2021,19.05.2021,10:32:49,FXDMETF,FXDM,RUB,Покупка,40,75.97,3038.80,0.00,1.82,0.28,3943195531,,И
17.05.2021,19.05.2021,10:38:09,FXRUETF,FXRU,RUB,Покупка,2,951.4,1902.80,0.00,1.14,0.18,3943220803,,И
17.05.2021,19.05.2021,10:38:27,FXDEETF,FXDE,RUB,Покупка,1,3117,3117.00,0.00,1.87,0.29,3943222195,,И
17.05.2021,19.05.2021,10:39:11,FXIMETF,FXIM,RUB,Покупка,20,84,1680.00,0.00,1.01,0.16,3943226490,,И
17.05.2021,19.05.2021,10:42:16,БПИФбрутто,SBMX,RUB,Покупка,1,1793,1793.00,0.00,1.08,0.17,3943245308,,И
17.05.2021,19.05.2021,10:44:08,FXRWETF,FXRW,RUB,Покупка,465,1.2158,565.35,0.00,0.34,0.05,3943253105,,И
17.05.2021,19.05.2021,10:54:45,БПИФбрутто,SBMX,RUB,Покупка,1,1790,1790.00,0.00,1.07,0.17,3943320109,,И
17.05.2021,19.05.2021,10:59:00,SBSPETF,SBSP,RUB,Покупка,1,1633.6,1633.60,0.00,0.98,0.15,3943343040,,И
17.05.2021,19.05.2021,11:10:38,VTBEETF,VTBE,RUB,Покупка,3,93.94,281.82,0.00,0.17,0.03,3943397116,,И
19.07.2021,21.07.2021,10:17:28,VTBEETF,VTBE,RUB,Покупка,17,96.5,1640.50,0.00,0.00,0.15,4163579249,,ЗО
19.07.2021,21.07.2021,17:58:59,VTBEETF,VTBE,RUB,Покупка,16,95.75,1532.00,0.00,0.00,0.14,4165624734,,ЗО
18.07.2023,20.07.2023,16:07:57,СевСт-ао,CHMF,RUB,Покупка,1,1275.6,1275.60,0.00,0.77,0.38,7908972071,,О
18.07.2023,20.07.2023,17:52:50,Сбербанк,SBER,RUB,Покупка,10,246.21,2462.10,0.00,1.48,0.73,7909781928,,О
18.07.2023,20.07.2023,17:55:20,Системаао,AFKS,RUB,Покупка,100,17.744,1774.40,0.00,1.06,0.54,7909796018,,О
18.07.2023,20.07.2023,17:56:39,ИнтерРАОао,IRAO,RUB,Покупка,200,4.159,831.80,0.00,0.50,0.25,7909802059,,О
19.12.2023,20.12.2023,13:26:19,КПокров1P1,RU000A102S23,RUB,Покупка,7,97.4,6818.00,63.56,4.09,0.40,9239523320,,ЗО
19.12.2023,20.12.2023,13:26:21,КПокров1P1,RU000A102S23,RUB,Покупка,3,97.4,2922.00,27.24,1.75,0.17,9239523625,,ЗО
19.07.2021,21.07.2021,10:17:28,VTBEETF,VTBE,RUB,Покупка,17,96.5,1640.50,0.00,0.00,0.15,4163579249,,О
19.07.2021,21.07.2021,17:58:59,VTBEETF,VTBE,RUB,Покупка,16,95.75,1532.00,0.00,0.00,0.14,4165624734,,О
18.07.2023,20.07.2023,16:07:57,СевСт-ао,CHMF,RUB,Покупка,1,1275.6,1275.60,0.00,0.77,0.38,7908972071,,И
18.07.2023,20.07.2023,17:52:50,Сбербанк,SBER,RUB,Покупка,10,246.21,2462.10,0.00,1.48,0.73,7909781928,,И
18.07.2023,20.07.2023,17:55:20,Системаао,AFKS,RUB,Покупка,100,17.744,1774.40,0.00,1.06,0.54,7909796018,,И
18.07.2023,20.07.2023,17:56:39,ИнтерРАОао,IRAO,RUB,Покупка,200,4.159,831.80,0.00,0.50,0.25,7909802059,,И
19.12.2023,20.12.2023,13:26:19,КПокров1P1,RU000A102S23,RUB,Покупка,7,97.4,6818.00,63.56,4.09,0.40,9239523320,,И
19.12.2023,20.12.2023,13:26:21,КПокров1P1,RU000A102S23,RUB,Покупка,3,97.4,2922.00,27.24,1.75,0.17,9239523625,,И
17.02.2022,21.02.2022,11:52:04,FXRUETF,FXRU,RUB,Покупка,13,92.7,1205.10,0.00,0.72,0.11,5002244893,,И
17.02.2022,21.02.2022,11:53:18,FXGDETF,FXGD,RUB,Покупка,2,96.85,193.70,0.00,0.12,0.02,5002270641,,И
17.02.2022,21.02.2022,11:53:24,FXIMETF,FXIM,RUB,Покупка,2,94.94,189.88,0.00,0.11,0.02,5002272511,,И
17.02.2022,21.02.2022,11:53:33,FXUSETF,FXUS,RUB,Покупка,5,61.75,308.75,0.00,0.19,0.03,5002275241,,И
17.02.2022,21.02.2022,11:54:12,FXDEETF,FXDE,RUB,Покупка,6,29.87,179.22,0.00,0.11,0.02,5002287624,,И
17.02.2022,21.02.2022,11:54:30,VTBEETF,VTBE,RUB,Покупка,3,94.83,284.49,0.00,0.17,0.03,5002294597,,И
17.02.2022,21.02.2022,11:55:34,SBSPETF,SBSP,RUB,Покупка,1,1797.6,1797.60,0.00,0.00,0.17,5002311372,,И
17.02.2022,21.02.2022,11:56:27,FXRLETF,FXRL,RUB,Покупка,5,39.3,196.50,0.00,0.12,0.02,5002317146,,И
17.02.2022,21.02.2022,11:56:34,БПИФбрутто,SBMX,RUB,Покупка,7,18.257,127.80,0.00,0.00,0.02,5002318604,,И
17.02.2022,21.02.2022,11:56:56,FXDMETF,FXDM,RUB,Покупка,3,80.29,240.87,0.00,0.14,0.02,5002320424,,И
17.02.2022,21.02.2022,11:59:28,FXRWETF,FXRW,RUB,Покупка,35,1.3039,45.64,0.00,0.03,0.02,5002335531,,И
18.06.2021,22.06.2021,22:16:53,FXRUETF,FXRU,RUB,Покупка,1,944.2,944.20,0.00,0.57,0.09,4052270711,,О
18.06.2021,22.06.2021,22:17:32,FXGDETF,FXGD,RUB,Покупка,1,869.8,869.80,0.00,0.52,0.08,4052270834,,О
19.07.2021,21.07.2021,10:17:28,VTBEETF,VTBE,RUB,Покупка,17,96.5,1640.50,0.00,0.00,0.15,4163579249,,И
19.07.2021,21.07.2021,17:58:59,VTBEETF,VTBE,RUB,Покупка,16,95.75,1532.00,0.00,0.00,0.14,4165624734,,И
18.06.2021,22.06.2021,22:16:53,FXRUETF,FXRU,RUB,Покупка,1,944.2,944.20,0.00,0.57,0.09,4052270711,,И
18.06.2021,22.06.2021,22:17:32,FXGDETF,FXGD,RUB,Покупка,1,869.8,869.80,0.00,0.52,0.08,4052270834,,И
22.11.2023,23.11.2023,13:05:32,РОСНАНО2P5,RU000A102HB3,RUB,Покупка,10,96,9600.00,301.40,5.76,0.19,9012702209,,ЗО
22.12.2022,23.12.2022,19:12:01,25084,RU000A101FA1,RUB,Покупка,30,98.621,29586.30,344.10,17.75,2.81,7088015774,,ЗО
23.06.2023,27.06.2023,10:33:59,МТС-ао,MTSS,RUB,Покупка,10,343.35,3433.50,0.00,2.06,1.03,7792729150,,ЗО
23.10.2023,24.10.2023,19:42:32,Сбербанк,SBER,RUB,Покупка,10,270.62,2706.20,0.00,1.62,0.82,8710027269,,ЗО
23.10.2023,24.10.2023,19:43:08,ГАЗПРОМао,GAZP,RUB,Покупка,10,170.47,1704.70,0.00,1.02,0.51,8710027712,,ЗО
23.10.2023,24.10.2023,19:43:58,Системаао,AFKS,RUB,Покупка,100,17.79,1779.00,0.00,1.07,0.54,8710028433,,ЗО
22.11.2023,23.11.2023,13:05:32,РОСНАНО2P5,RU000A102HB3,RUB,Покупка,10,96,9600.00,301.40,5.76,0.19,9012702209,,И
22.12.2022,23.12.2022,19:12:01,25084,RU000A101FA1,RUB,Покупка,30,98.621,29586.30,344.10,17.75,2.81,7088015774,,И
23.12.2022,27.12.2022,16:44:05,БПИФбрутто,SBMX,RUB,Покупка,53,11.584,613.95,0.00,0.00,0.19,7099375184,,ЗО
24.01.2022,26.01.2022,13:01:27,FXIMETF,FXIM,RUB,Покупка,7,96.22,673.54,0.00,0.40,0.07,4903474866,,ЗО
24.01.2022,26.01.2022,13:01:49,FXUSETF,FXUS,RUB,Покупка,45,62.46,2810.70,0.00,1.69,0.26,4903477636,,ЗО
24.01.2022,26.01.2022,13:01:59,FXRLETF,FXRL,RUB,Покупка,17,36.33,617.61,0.00,0.37,0.05,4903478687,,ЗО
24.01.2022,26.01.2022,13:02:52,БПИФбрутто,SBMX,RUB,Покупка,40,16.816,672.64,0.00,0.00,0.07,4903487089,,ЗО
24.01.2022,26.01.2022,13:03:59,FXRWETF,FXRW,RUB,Покупка,65,1.2852,83.54,0.00,0.05,0.02,4903495099,,ЗО
23.10.2023,24.10.2023,19:42:32,Сбербанк,SBER,RUB,Покупка,10,270.62,2706.20,0.00,1.62,0.82,8710027269,,И
23.10.2023,24.10.2023,19:43:08,ГАЗПРОМао,GAZP,RUB,Покупка,10,170.47,1704.70,0.00,1.02,0.51,8710027712,,И
23.10.2023,24.10.2023,19:43:58,Системаао,AFKS,RUB,Покупка,100,17.79,1779.00,0.00,1.07,0.54,8710028433,,И
24.11.2021,26.11.2021,16:45:56,FXIMETF,FXIM,RUB,Покупка,4,102.52,410.08,0.00,0.25,0.04,4676871170,,ЗО
24.11.2021,26.11.2021,16:45:56,FXIMETF,FXIM,RUB,Покупка,1,102.52,102.52,0.00,0.06,0.02,4676871171,,ЗО
24.11.2021,26.11.2021,16:45:56,FXIMETF,FXIM,RUB,Покупка,2,102.52,205.04,0.00,0.12,0.02,4676871172,,ЗО
24.11.2021,26.11.2021,16:47:04,FXRLETF,FXRL,RUB,Покупка,35,42.9,1501.50,0.00,0.90,0.14,4676875070,,ЗО
24.11.2021,26.11.2021,16:47:28,VTBEETF,VTBE,RUB,Покупка,13,93.07,1209.91,0.00,0.73,0.11,4676876400,,ЗО
24.11.2021,26.11.2021,16:50:09,БПИФбрутто,SBMX,RUB,Покупка,28,19.928,557.98,0.00,0.00,0.05,4676885521,,ЗО
24.01.2022,26.01.2022,13:01:27,FXIMETF,FXIM,RUB,Покупка,7,96.22,673.54,0.00,0.40,0.07,4903474866,,О
24.01.2022,26.01.2022,13:01:49,FXUSETF,FXUS,RUB,Покупка,45,62.46,2810.70,0.00,1.69,0.26,4903477636,,О
24.01.2022,26.01.2022,13:01:59,FXRLETF,FXRL,RUB,Покупка,17,36.33,617.61,0.00,0.37,0.05,4903478687,,О
24.01.2022,26.01.2022,13:02:52,БПИФбрутто,SBMX,RUB,Покупка,40,16.816,672.64,0.00,0.00,0.07,4903487089,,О
24.01.2022,26.01.2022,13:03:59,FXRWETF,FXRW,RUB,Покупка,65,1.2852,83.54,0.00,0.05,0.02,4903495099,,О
25.05.2021,27.05.2021,18:28:44,FXUSETF,FXUS,RUB,Покупка,1,5644,5644.00,0.00,3.39,0.52,3970365261,,ЗО
24.11.2021,26.11.2021,16:45:56,FXIMETF,FXIM,RUB,Покупка,4,102.52,410.08,0.00,0.25,0.04,4676871170,,О
24.11.2021,26.11.2021,16:45:56,FXIMETF,FXIM,RUB,Покупка,1,102.52,102.52,0.00,0.06,0.02,4676871171,,О
24.11.2021,26.11.2021,16:45:56,FXIMETF,FXIM,RUB,Покупка,2,102.52,205.04,0.00,0.12,0.02,4676871172,,О
24.11.2021,26.11.2021,16:47:04,FXRLETF,FXRL,RUB,Покупка,35,42.9,1501.50,0.00,0.90,0.14,4676875070,,О
24.11.2021,26.11.2021,16:47:28,VTBEETF,VTBE,RUB,Покупка,13,93.07,1209.91,0.00,0.73,0.11,4676876400,,О
24.11.2021,26.11.2021,16:50:09,БПИФбрутто,SBMX,RUB,Покупка,28,19.928,557.98,0.00,0.00,0.05,4676885521,,О
24.01.2022,26.01.2022,13:01:27,FXIMETF,FXIM,RUB,Покупка,7,96.22,673.54,0.00,0.40,0.07,4903474866,,И
24.01.2022,26.01.2022,13:01:49,FXUSETF,FXUS,RUB,Покупка,45,62.46,2810.70,0.00,1.69,0.26,4903477636,,И
24.01.2022,26.01.2022,13:01:59,FXRLETF,FXRL,RUB,Покупка,17,36.33,617.61,0.00,0.37,0.05,4903478687,,И
24.01.2022,26.01.2022,13:02:52,БПИФбрутто,SBMX,RUB,Покупка,40,16.816,672.64,0.00,0.00,0.07,4903487089,,И
24.01.2022,26.01.2022,13:03:59,FXRWETF,FXRW,RUB,Покупка,65,1.2852,83.54,0.00,0.05,0.02,4903495099,,И
25.05.2021,27.05.2021,18:28:44,FXUSETF,FXUS,RUB,Покупка,1,5644,5644.00,0.00,3.39,0.52,3970365261,,О
26.05.2023,30.05.2023,21:41:21,ГАЗПРОМао,GAZP,RUB,Покупка,10,164.79,1647.90,0.00,0.99,0.49,7690509967,,ЗО
23.06.2023,27.06.2023,10:33:59,МТС-ао,MTSS,RUB,Покупка,10,343.35,3433.50,0.00,2.06,1.03,7792729150,,О
26.10.2023,27.10.2023,19:26:40,26227,RU000A1007F4,RUB,Покупка,20,96.74,19348.00,405.40,11.61,1.65,8737086098,,ЗО
24.11.2021,26.11.2021,16:45:56,FXIMETF,FXIM,RUB,Покупка,4,102.52,410.08,0.00,0.25,0.04,4676871170,,И
24.11.2021,26.11.2021,16:45:56,FXIMETF,FXIM,RUB,Покупка,1,102.52,102.52,0.00,0.06,0.02,4676871171,,И
24.11.2021,26.11.2021,16:45:56,FXIMETF,FXIM,RUB,Покупка,2,102.52,205.04,0.00,0.12,0.02,4676871172,,И
24.11.2021,26.11.2021,16:47:04,FXRLETF,FXRL,RUB,Покупка,35,42.9,1501.50,0.00,0.90,0.14,4676875070,,И
24.11.2021,26.11.2021,16:47:28,VTBEETF,VTBE,RUB,Покупка,13,93.07,1209.91,0.00,0.73,0.11,4676876400,,И
24.11.2021,26.11.2021,16:50:09,БПИФбрутто,SBMX,RUB,Покупка,28,19.928,557.98,0.00,0.00,0.05,4676885521,,И
23.12.2022,27.12.2022,16:44:05,БПИФбрутто,SBMX,RUB,Покупка,53,11.584,613.95,0.00,0.00,0.19,7099375184,,О
27.04.2023,02.05.2023,12:52:37,БПИФбрутто,SBMX,RUB,Покупка,80,14.389,1151.12,0.00,0.00,0.35,7587448512,,ЗО
27.04.2023,02.05.2023,13:05:22,Сбербанк,SBER,RUB,Покупка,10,238.6,2386.00,0.00,1.43,0.71,7587511423,,ЗО
27.04.2023,02.05.2023,13:05:55,ГАЗПРОМао,GAZP,RUB,Покупка,10,178.95,1789.50,0.00,1.08,0.54,7587514459,,ЗО
25.05.2021,27.05.2021,18:28:44,FXUSETF,FXUS,RUB,Покупка,1,5644,5644.00,0.00,3.39,0.52,3970365261,,И
23.06.2023,27.06.2023,10:33:59,МТС-ао,MTSS,RUB,Покупка,10,343.35,3433.50,0.00,2.06,1.03,7792729150,,И
26.10.2023,27.10.2023,19:26:40,26227,RU000A1007F4,RUB,Покупка,20,96.74,19348.00,405.40,11.61,1.65,8737086098,,И
27.12.2021,29.12.2021,18:17:51,SBSPETF,SBSP,RUB,Покупка,1,1860,1860.00,0.00,0.00,0.17,4812162403,,ЗО
27.12.2021,29.12.2021,18:17:55,БПИФбрутто,SBMX,RUB,Покупка,50,19.069,953.45,0.00,0.00,0.09,4812162614,,ЗО
27.12.2021,29.12.2021,18:18:25,FXRWETF,FXRW,RUB,Покупка,135,1.3548,182.90,0.00,0.11,0.02,4812164596,,ЗО
27.12.2021,29.12.2021,18:18:56,FXDEETF,FXDE,RUB,Покупка,15,29.505,442.58,0.00,0.26,0.04,4812166907,,ЗО
27.12.2021,29.12.2021,18:19:23,FXDMETF,FXDM,RUB,Покупка,11,78.66,865.26,0.00,0.52,0.08,4812169063,,ЗО
27.12.2021,29.12.2021,18:19:54,FXRLETF,FXRL,RUB,Покупка,20,41.36,827.20,0.00,0.50,0.07,4812173483,,ЗО
27.12.2021,29.12.2021,18:24:18,VTBEETF,VTBE,RUB,Покупка,11,90.46,995.06,0.00,0.60,0.09,4812193081,,ЗО
23.12.2022,27.12.2022,16:44:05,БПИФбрутто,SBMX,RUB,Покупка,53,11.584,613.95,0.00,0.00,0.19,7099375184,,И
28.03.2024,29.03.2024,19:04:37,Сбербанк,SBER,RUB,Покупка,10,298.69,2986.90,0.00,1.79,0.52,9972921999,,ЗО
28.03.2024,29.03.2024,19:04:54,МосБиржа,MOEX,RUB,Покупка,30,219,6570.00,0.00,3.94,1.15,9972922899,,ЗО
27.04.2023,02.05.2023,12:52:37,БПИФбрутто,SBMX,RUB,Покупка,80,14.389,1151.12,0.00,0.00,0.35,7587448512,,О
27.04.2023,02.05.2023,13:05:22,Сбербанк,SBER,RUB,Покупка,10,238.6,2386.00,0.00,1.43,0.71,7587511423,,О
27.04.2023,02.05.2023,13:05:55,ГАЗПРОМао,GAZP,RUB,Покупка,10,178.95,1789.50,0.00,1.08,0.54,7587514459,,О
27.12.2021,29.12.2021,18:17:51,SBSPETF,SBSP,RUB,Покупка,1,1860,1860.00,0.00,0.00,0.17,4812162403,,О
27.12.2021,29.12.2021,18:17:55,БПИФбрутто,SBMX,RUB,Покупка,50,19.069,953.45,0.00,0.00,0.09,4812162614,,О
27.12.2021,29.12.2021,18:18:25,FXRWETF,FXRW,RUB,Покупка,135,1.3548,182.90,0.00,0.11,0.02,4812164596,,О
27.12.2021,29.12.2021,18:18:56,FXDEETF,FXDE,RUB,Покупка,15,29.505,442.58,0.00,0.26,0.04,4812166907,,О
27.12.2021,29.12.2021,18:19:23,FXDMETF,FXDM,RUB,Покупка,11,78.66,865.26,0.00,0.52,0.08,4812169063,,О
27.12.2021,29.12.2021,18:19:54,FXRLETF,FXRL,RUB,Покупка,20,41.36,827.20,0.00,0.50,0.07,4812173483,,О
27.12.2021,29.12.2021,18:24:18,VTBEETF,VTBE,RUB,Покупка,11,90.46,995.06,0.00,0.60,0.09,4812193081,,О
29.02.2024,01.03.2024,10:55:06,Сбербанк,SBER,RUB,Покупка,10,291.8,2918.00,0.00,1.75,0.00,9725993022,,ЗО
29.02.2024,01.03.2024,10:57:34,ИнтерРАОао,IRAO,RUB,Покупка,200,4.004,800.80,0.00,0.48,0.00,9726006453,,ЗО
29.02.2024,01.03.2024,11:00:19,Магнитао,MGNT,RUB,Покупка,1,7600.5,7600.50,0.00,4.56,0.00,9726022618,,ЗО
29.03.2023,31.03.2023,17:53:18,МТС-ао,MTSS,RUB,Покупка,10,257.9,2579.00,0.00,1.55,0.77,7475075046,,ЗО
29.03.2023,30.03.2023,17:56:31,25084,RU000A101FA1,RUB,Покупка,1,98.854,988.54,25.56,0.59,0.10,7475090543,,ЗО
29.03.2023,31.03.2023,17:57:35,БПИФбрутто,SBMX,RUB,Покупка,110,13.46,1480.60,0.00,0.00,0.45,7475093961,,ЗО
28.03.2024,29.03.2024,19:04:37,Сбербанк,SBER,RUB,Покупка,10,298.69,2986.90,0.00,1.79,0.52,9972921999,,И
28.03.2024,29.03.2024,19:04:54,МосБиржа,MOEX,RUB,Покупка,30,219,6570.00,0.00,3.94,1.15,9972922899,,И
29.03.2024,01.04.2024,11:38:01,SBGDETF,SBGD,RUB,Покупка,84,19.91,1672.44,0.00,0.00,0.50,9987294084,,ЗО
29.03.2024,01.04.2024,11:38:01,SBGDETF,SBGD,RUB,Покупка,16,19.92,318.72,0.00,0.00,0.09,9987294085,,ЗО
29.04.2024,30.04.2024,12:48:57,БПИФбрутто,SBMX,RUB,Покупка,50,20.178,1008.90,0.00,0.00,0.30,10237013144,,ЗО
29.04.2024,30.04.2024,12:49:51,Сбербанк,SBER,RUB,Покупка,10,308.1,3081.00,0.00,1.85,0.92,10237019963,,ЗО
29.04.2024,30.04.2024,12:50:23,СевСт-ао,CHMF,RUB,Покупка,2,1907.8,3815.60,0.00,2.29,1.15,10237024241,,ЗО
29.04.2024,30.04.2024,12:50:53,Системаао,AFKS,RUB,Покупка,100,26.199,2619.90,0.00,1.57,0.78,10237029010,,ЗО
29.04.2024,30.04.2024,12:51:21,ИнтерРАОао,IRAO,RUB,Покупка,200,4.2745,854.90,0.00,0.51,0.26,10237034455,,ЗО
26.05.2023,30.05.2023,21:41:21,ГАЗПРОМао,GAZP,RUB,Покупка,10,164.79,1647.90,0.00,0.99,0.49,7690509967,,О
29.09.2021,01.10.2021,20:12:25,FXGDETF,FXGD,RUB,Покупка,1,847,847.00,0.00,0.00,0.08,4449577457,,ЗО
29.09.2021,01.10.2021,20:19:21,FXDMETF,FXDM,RUB,Покупка,7,75.4,527.80,0.00,0.00,0.05,4449581409,,ЗО
29.09.2021,01.10.2021,20:22:35,FXDMETF,FXDM,RUB,Покупка,1,75.4,75.40,0.00,0.00,0.02,4449582892,,ЗО
29.09.2021,01.10.2021,20:25:50,FXDMETF,FXDM,RUB,Покупка,3,75.4,226.20,0.00,0.00,0.02,4449584383,,ЗО
29.09.2021,01.10.2021,20:25:54,FXDMETF,FXDM,RUB,Покупка,3,75.4,226.20,0.00,0.00,0.02,4449584414,,ЗО
29.09.2021,01.10.2021,20:25:56,FXDMETF,FXDM,RUB,Покупка,3,75.4,226.20,0.00,0.00,0.02,4449584428,,ЗО
29.09.2021,01.10.2021,20:25:58,FXDMETF,FXDM,RUB,Покупка,1,75.4,75.40,0.00,0.00,0.02,4449584446,,ЗО
27.12.2021,29.12.2021,18:17:51,SBSPETF,SBSP,RUB,Покупка,1,1860,1860.00,0.00,0.00,0.17,4812162403,,И
27.12.2021,29.12.2021,18:17:55,БПИФбрутто,SBMX,RUB,Покупка,50,19.069,953.45,0.00,0.00,0.09,4812162614,,И
27.12.2021,29.12.2021,18:18:25,FXRWETF,FXRW,RUB,Покупка,135,1.3548,182.90,0.00,0.11,0.02,4812164596,,И
27.12.2021,29.12.2021,18:18:56,FXDEETF,FXDE,RUB,Покупка,15,29.505,442.58,0.00,0.26,0.04,4812166907,,И
27.12.2021,29.12.2021,18:19:23,FXDMETF,FXDM,RUB,Покупка,11,78.66,865.26,0.00,0.52,0.08,4812169063,,И
27.12.2021,29.12.2021,18:19:54,FXRLETF,FXRL,RUB,Покупка,20,41.36,827.20,0.00,0.50,0.07,4812173483,,И
27.12.2021,29.12.2021,18:24:18,VTBEETF,VTBE,RUB,Покупка,11,90.46,995.06,0.00,0.60,0.09,4812193081,,И
29.12.2023,03.01.2024,13:19:13,Сбербанк,SBER,RUB,Покупка,10,272,2720.00,0.00,1.63,0.82,9327081300,,ЗО
29.12.2023,03.01.2024,13:20:41,Системаао,AFKS,RUB,Покупка,100,16.058,1605.80,0.00,0.96,0.00,9327090308,,ЗО
29.12.2023,03.01.2024,13:26:13,ИнтерРАОао,IRAO,RUB,Покупка,100,3.9405,394.05,0.00,0.24,0.00,9327124562,,ЗО
30.01.2024,31.01.2024,11:32:50,ГАЗПРОМао,GAZP,RUB,Покупка,10,163.45,1634.50,0.00,0.98,0.49,9479248436,,ЗО
30.01.2024,31.01.2024,11:32:56,Сбербанк,SBER,RUB,Покупка,10,276.68,2766.80,0.00,1.66,0.00,9479249321,,ЗО
30.01.2024,31.01.2024,11:33:38,Системаао,AFKS,RUB,Покупка,100,17.119,1711.90,0.00,1.03,0.52,9479254504,,ЗО
30.01.2024,31.01.2024,11:33:40,МТС-ао,MTSS,RUB,Покупка,10,274,2740.00,0.00,1.64,0.00,9479254844,,ЗО
30.01.2024,31.01.2024,11:34:12,ИнтерРАОао,IRAO,RUB,Покупка,100,4.066,406.60,0.00,0.25,0.12,9479258837,,ЗО
29.03.2023,31.03.2023,17:53:18,МТС-ао,MTSS,RUB,Покупка,10,257.9,2579.00,0.00,1.55,0.77,7475075046,,О
29.03.2023,30.03.2023,17:56:31,25084,RU000A101FA1,RUB,Покупка,1,98.854,988.54,25.56,0.59,0.10,7475090543,,И
29.03.2023,31.03.2023,17:57:35,БПИФбрутто,SBMX,RUB,Покупка,110,13.46,1480.60,0.00,0.00,0.45,7475093961,,О
29.04.2024,30.04.2024,12:48:57,БПИФбрутто,SBMX,RUB,Покупка,50,20.178,1008.90,0.00,0.00,0.30,10237013144,,И
29.04.2024,30.04.2024,12:49:51,Сбербанк,SBER,RUB,Покупка,10,308.1,3081.00,0.00,1.85,0.92,10237019963,,И
29.04.2024,30.04.2024,12:50:23,СевСт-ао,CHMF,RUB,Покупка,2,1907.8,3815.60,0.00,2.29,1.15,10237024241,,И
29.04.2024,30.04.2024,12:50:53,Системаао,AFKS,RUB,Покупка,100,26.199,2619.90,0.00,1.57,0.78,10237029010,,И
29.04.2024,30.04.2024,12:51:21,ИнтерРАОао,IRAO,RUB,Покупка,200,4.2745,854.90,0.00,0.51,0.26,10237034455,,И
26.05.2023,30.05.2023,21:41:21,ГАЗПРОМао,GAZP,RUB,Покупка,10,164.79,1647.90,0.00,0.99,0.49,7690509967,,И
30.05.2023,01.06.2023,17:01:45,Магнитао,MGNT,RUB,Покупка,1,4182.5,4182.50,0.00,2.51,1.25,7698304390,,ЗО
29.09.2021,01.10.2021,20:12:25,FXGDETF,FXGD,RUB,Покупка,1,847,847.00,0.00,0.00,0.08,4449577457,,О
29.09.2021,01.10.2021,20:19:21,FXDMETF,FXDM,RUB,Покупка,7,75.4,527.80,0.00,0.00,0.05,4449581409,,О
29.09.2021,01.10.2021,20:22:35,FXDMETF,FXDM,RUB,Покупка,1,75.4,75.40,0.00,0.00,0.02,4449582892,,О
29.09.2021,01.10.2021,20:25:50,FXDMETF,FXDM,RUB,Покупка,3,75.4,226.20,0.00,0.00,0.02,4449584383,,О
29.09.2021,01.10.2021,20:25:54,FXDMETF,FXDM,RUB,Покупка,3,75.4,226.20,0.00,0.00,0.02,4449584414,,О
29.09.2021,01.10.2021,20:25:56,FXDMETF,FXDM,RUB,Покупка,3,75.4,226.20,0.00,0.00,0.02,4449584428,,О
29.09.2021,01.10.2021,20:25:58,FXDMETF,FXDM,RUB,Покупка,1,75.4,75.40,0.00,0.00,0.02,4449584446,,О
30.09.2021,04.10.2021,10:59:34,SBSPETF,SBSP,RUB,Покупка,1,1696.2,1696.20,0.00,0.00,0.16,4453542268,,ЗО
30.11.2023,01.12.2023,19:10:58,МТС-ао,MTSS,RUB,Покупка,10,254.7,2547.00,0.00,1.53,0.00,9080959548,,ЗО
30.11.2023,01.12.2023,19:14:58,СевСт-ао,CHMF,RUB,Покупка,1,1271.8,1271.80,0.00,0.76,0.00,9080967468,,ЗО
30.11.2023,01.12.2023,19:15:49,ИнтерРАОао,IRAO,RUB,Покупка,100,4.168,416.80,0.00,0.25,0.00,9080968585,,ЗО
30.12.2021,04.01.2022,16:22:03,FXGDETF,FXGD,RUB,Продажа,1,906.2,906.20,0.00,0.54,0.09,4829207953,,ЗО
30.12.2021,04.01.2022,16:24:34,FXGDETF,FXGD,RUB,Покупка,1,906.4,906.40,0.00,0.55,0.09,4829216361,,ЗО
30.12.2021,04.01.2022,16:25:48,FXGDETF,FXGD,RUB,Продажа,1,906.4,906.40,0.00,0.54,0.09,4829221233,,ЗО
30.12.2021,04.01.2022,16:27:05,FXGDETF,FXGD,RUB,Продажа,1,906.2,906.20,0.00,0.54,0.09,4829225682,,ЗО
30.12.2021,04.01.2022,16:30:25,FXGDETF,FXGD,RUB,Покупка,2,906.8,1813.60,0.00,1.09,0.17,4829239337,,ЗО
30.01.2024,31.01.2024,11:32:50,ГАЗПРОМао,GAZP,RUB,Покупка,10,163.45,1634.50,0.00,0.98,0.49,9479248436,,И
30.01.2024,31.01.2024,11:32:56,Сбербанк,SBER,RUB,Покупка,10,276.68,2766.80,0.00,1.66,0.00,9479249321,,И
30.01.2024,31.01.2024,11:33:38,Системаао,AFKS,RUB,Покупка,100,17.119,1711.90,0.00,1.03,0.52,9479254504,,И
30.01.2024,31.01.2024,11:33:40,МТС-ао,MTSS,RUB,Покупка,10,274,2740.00,0.00,1.64,0.00,9479254844,,И
30.01.2024,31.01.2024,11:34:12,ИнтерРАОао,IRAO,RUB,Покупка,100,4.066,406.60,0.00,0.25,0.12,9479258837,,И
29.03.2023,31.03.2023,17:53:18,МТС-ао,MTSS,RUB,Покупка,10,257.9,2579.00,0.00,1.55,0.77,7475075046,,И
29.03.2023,31.03.2023,17:57:35,БПИФбрутто,SBMX,RUB,Покупка,110,13.46,1480.60,0.00,0.00,0.45,7475093961,,И
30.05.2023,01.06.2023,17:01:45,Магнитао,MGNT,RUB,Покупка,1,4182.5,4182.50,0.00,2.51,1.25,7698304390,,О
