Наименование,ISIN,Валюта,Количество_нп,Номинал_нп,Цена_нп,Стоимость_нп,НКД_нп,Количество_кп,Номинал_кп,Цена_кп,Стоимость_кп,НКД_кп,Количество_изп,Стоимость_изп,Зачисления,Списания,Остаток,Дата
FXDEETF,IE00BD3QJN10,RUB,118,1,29.95,3534.10,0,118,1,30.02,3542.36,0,0,8.26,0,0,118,2022-01-31
FXDMETF,IE00BMDKNM37,RUB,89,1,80.07,7126.23,0,89,1,79.92,7112.88,0,0,-13.35,0,0,89,2022-01-31
FXGDETF,IE00B8XB7377,RUB,2,1,901,1802.00,0,2,1,932.6,1865.20,0,0,63.20,0,0,2,2022-01-31
FXIMETF,IE00BNC2D728,RUB,30,1,104.64,3139.20,0,37,1,97.59,3610.83,0,7,471.63,0,0,37,2022-01-31
FXRLETF,IE00BQ1Y6480,RUB,170,1,41.625,7076.25,0,187,1,39.42,7371.54,0,17,295.29,0,0,187,2022-01-31
FXRUETF,IE00BD5FH213,RUB,3,1,948.2,2844.60,0,3,1,933.1,2799.30,0,0,-45.30,0,0,3,2022-01-31
FXRWETF,IE00BK224M36,RUB,1035,1,1.3566,1404.08,0,1100,1,1.279,1406.90,0,65,2.82,0,0,1100,2022-01-31
FXUSETF,IE00BD3QHZ91,RUB,300,1,65.21,19563.00,0,345,1,62.36,21514.20,0,45,1951.20,0,0,345,2022-01-31
SBSPETF,RU000A1006W1,RUB,4,1,1901,7604.00,0,4,1,1827,7308.00,0,0,-296.00,0,0,4,2022-01-31
VTBEETF,RU000A100HQ5,RUB,78,1,90.69,7073.82,0,78,1,92.97,7251.66,0,0,177.84,0,0,78,2022-01-31
БПИФбрутто,RU000A0ZZH92,RUB,370,1,19.281,7133.97,0,410,1,18.19,7457.90,0,40,323.93,0,0,410,2022-01-31
FXDEETF,IE00BD3QJN10,RUB,118,1,30.02,3542.36,0,124,1,25.55,3168.20,0,6,-374.16,0,0,124,2022-02-28
FXDMETF,IE00BMDKNM37,RUB,89,1,79.92,7112.88,0,92,1,74.53,6856.76,0,3,-256.12,0,0,92,2022-02-28
FXGDETF,IE00B8XB7377,RUB,0,1,0,0.00,0,22,1,91.45,2011.90,0,22,2011.90,0,0,22,2022-02-28
FXGDETF_old,IE00B8XB7377,RUB,2,1,932.6,1865.20,0,0,1,932.2,0.00,0,-2,-1865.20,0,0,0,2022-02-28
FXIMETF,IE00BNC2D728,RUB,37,1,97.59,3610.83,0,39,1,93.53,3647.67,0,2,36.84,0,0,39,2022-02-28
FXRLETF,IE00BQ1Y6480,RUB,187,1,39.42,7371.54,0,192,1,30.555,5866.56,0,5,-1504.98,0,0,192,2022-02-28
FXRUETF,IE00BD5FH213,RUB,0,1,0,0.00,0,43,1,71.43,3071.49,0,43,3071.49,0,0,43,2022-02-28
FXRUETF_old1,IE00BD5FH213,RUB,3,1,933.1,2799.30,0,0,1,932.9,0.00,0,-3,-2799.30,0,0,0,2022-02-28
FXRWETF,IE00BK224M36,RUB,1100,1,1.279,1406.90,0,1135,1,1.093,1240.56,0,35,-166.34,0,0,1135,2022-02-28
FXUSETF,IE00BD3QHZ91,RUB,345,1,62.36,21514.20,0,350,1,58.13,20345.50,0,5,-1168.70,0,0,350,2022-02-28
SBSPETF,RU000A1006W1,RUB,4,1,1827,7308.00,0,5,1,1774.6,8873.00,0,1,1565.00,0,0,5,2022-02-28
VTBEETF,RU000A100HQ5,RUB,78,1,92.97,7251.66,0,81,1,91.24,7390.44,0,3,138.78,0,0,81,2022-02-28
БПИФбрутто,RU000A0ZZH92,RUB,410,1,18.19,7457.90,0,417,1,12.944,5397.65,0,7,-2060.25,0,0,417,2022-02-28
25084,RU000A101FA1,RUB,30,1000,98.852,29655.60,514.2,30,1000,98.67,29601.00,636,0,-54.60,0,0,30,2023-02-28
RSHEETF,RU000A100HQ5,RUB,81,1,94.21,7631.01,0,81,1,94.21,7631.01,0,0,0.00,0,0,81,2023-02-28
SBSPETF,RU000A1006W1,RUB,5,1,1719,8595.00,0,5,1,1719,8595.00,0,0,0.00,0,0,5,2023-02-28
БПИФбрутто,RU000A0ZZH92,RUB,470,1,12.186,5727.42,0,470,1,12.356,5807.32,0,0,79.90,0,0,470,2023-02-28
25084,RU000A101FA1,RUB,30,1000,98.67,29601.00,636,33,1000,98.834,32615.22,848.1,3,3014.22,0,0,33,2023-03-31
RSHEETF,RU000A100HQ5,RUB,81,1,94.21,7631.01,0,81,1,94.21,7631.01,0,0,0.00,0,0,81,2023-03-31
SBSPETF,RU000A1006W1,RUB,5,1,1719,8595.00,0,5,1,1719,8595.00,0,0,0.00,0,0,5,2023-03-31
БПИФбрутто,RU000A0ZZH92,RUB,470,1,12.356,5807.32,0,680,1,13.41,9118.80,0,210,3311.48,0,0,680,2023-03-31
МТС-ао,RU0007775219,RUB,0,0.1,257.25,0.00,0,10,0.1,256.75,2567.50,0,10,2567.50,0,0,10,2023-03-31
Сбербанк,RU0009029540,RUB,0,3,170.01,0.00,0,10,3,214.09,2140.90,0,10,2140.90,0,0,10,2023-03-31
SBSPETF,RU000A1006W1,RUB,5,1,1774.6,8873.00,0,5,1,1774.6,8873.00,0,0,0.00,0,0,5,2022-04-30
VTBEETF,RU000A100HQ5,RUB,81,1,91.24,7390.44,0,81,1,91.24,7390.44,0,0,0.00,0,0,81,2022-04-30
БПИФбрутто,RU000A0ZZH92,RUB,417,1,13.22,5512.74,0,417,1,12.254,5109.92,0,0,-402.82,0,0,417,2022-04-30
25084,RU000A101FA1,RUB,33,1000,98.834,32615.22,848.1,35,1000,99.303,34756.05,116.9,2,2140.83,0,0,35,2023-04-30
RSHEETF,RU000A100HQ5,RUB,81,1,94.21,7631.01,0,81,1,94.21,7631.01,0,0,0.00,0,0,81,2023-04-30
SBSPETF,RU000A1006W1,RUB,5,1,1719,8595.00,0,5,1,1719,8595.00,0,0,0.00,0,0,5,2023-04-30
БПИФбрутто,RU000A0ZZH92,RUB,680,1,13.41,9118.80,0,750,1,14.361,10770.75,0,70,1651.95,80,0,830,2023-04-30
ГАЗПРОМао,RU0007661625,RUB,0,5,169.91,0.00,0,10,5,182.39,1823.90,0,10,1823.90,10,0,20,2023-04-30
МТС-ао,RU0007775219,RUB,10,0.1,256.75,2567.50,0,10,0.1,272.1,2721.00,0,0,153.50,0,0,10,2023-04-30
Сбербанк,RU0009029540,RUB,10,3,214.09,2140.90,0,10,3,239.83,2398.30,0,0,257.40,10,0,20,2023-04-30
FXDEETF,IE00BD3QJN10,RUB,0,1,3132.5,0.00,0,1,1,3134.5,3134.50,0,1,3134.50,0,0,1,2021-05-31
FXDMETF,IE00BMDKNM37,RUB,0,1,76.14,0.00,0,40,1,77.17,3086.80,0,40,3086.80,0,0,40,2021-05-31
FXIMETF,IE00BNC2D728,RUB,0,1,88.04,0.00,0,20,1,85.51,1710.20,0,20,1710.20,0,0,20,2021-05-31
FXRLETF,IE00BQ1Y6480,RUB,0,1,3785,0.00,0,1,1,3992.5,3992.50,0,1,3992.50,0,0,1,2021-05-31
FXRUETF,IE00BD5FH213,RUB,0,1,963.8,0.00,0,2,1,949.3,1898.60,0,2,1898.60,0,0,2,2021-05-31
FXRWETF,IE00BK224M36,RUB,0,1,1.2359,0.00,0,465,1,1.2426,577.81,0,465,577.81,0,0,465,2021-05-31
FXUSETF,IE00BD3QHZ91,RUB,0,1,5759,0.00,0,2,1,5650,11300.00,0,2,11300.00,0,0,2,2021-05-31
SBSPETF,RU000A1006W1,RUB,0,1,1669.6,0.00,0,2,1,1639.4,3278.80,0,2,3278.80,0,0,2,2021-05-31
VTBEETF,RU000A100HQ5,RUB,0,1,979.2,0.00,0,3,1,98.41,295.23,0,3,295.23,0,0,3,2021-05-31
БПИФбрутто,RU000A0ZZH92,RUB,0,1,1725.5,0.00,0,2,1,1838.5,3677.00,0,2,3677.00,0,0,2,2021-05-31
25084,RU000A101FA1,RUB,35,1000,99.303,34756.05,116.9,35,1000,99.261,34741.35,284.55,0,-14.70,0,0,35,2023-05-31
RSHEETF,RU000A100HQ5,RUB,81,1,94.21,7631.01,0,81,1,94.21,7631.01,0,0,0.00,0,0,81,2023-05-31
SBSPETF,RU000A1006W1,RUB,5,1,1719,8595.00,0,5,1,1719,8595.00,0,0,0.00,0,0,5,2023-05-31
БПИФбрутто,RU000A0ZZH92,RUB,750,1,14.361,10770.75,0,830,1,15.041,12484.03,0,80,1713.28,0,0,830,2023-05-31
ГАЗПРОМао,RU0007661625,RUB,10,5,182.39,1823.90,0,30,5,162.33,4869.90,0,20,3046.00,0,0,30,2023-05-31
ЛУКОЙЛ,RU0009024277,RUB,0,0.025,4674.5,0.00,0,1,0.025,5553.5,5553.50,0,1,5553.50,0,0,1,2023-05-31
Магнитао,RU000A0JKQU8,RUB,0,0.01,4729,0.00,0,0,0.01,4164,0.00,0,0,0.00,1,0,1,2023-05-31
МТС-ао,RU0007775219,RUB,10,0.1,272.1,2721.00,0,10,0.1,315.7,3157.00,0,0,436.00,0,0,10,2023-05-31
Сбербанк,RU0009029540,RUB,10,3,239.83,2398.30,0,20,3,243.94,4878.80,0,10,2480.50,0,0,20,2023-05-31
FXDEETF,IE00BD3QJN10,RUB,1,1,3134.5,3134.50,0,1,1,3077,3077.00,0,0,-57.50,0,0,1,2021-06-30
FXDMETF,IE00BMDKNM37,RUB,40,1,77.17,3086.80,0,40,1,76.01,3040.40,0,0,-46.40,0,0,40,2021-06-30
FXGDETF,IE00B8XB7377,RUB,0,1,942.8,0.00,0,1,1,863.6,863.60,0,1,863.60,0,0,1,2021-06-30
FXIMETF,IE00BNC2D728,RUB,20,1,85.51,1710.20,0,20,1,90.31,1806.20,0,0,96.00,0,0,20,2021-06-30
FXRLETF,IE00BQ1Y6480,RUB,1,1,3992.5,3992.50,0,1,1,4103,4103.00,0,0,110.50,0,0,1,2021-06-30
FXRUETF,IE00BD5FH213,RUB,2,1,949.3,1898.60,0,3,1,945.3,2835.90,0,1,937.30,0,0,3,2021-06-30
FXRWETF,IE00BK224M36,RUB,465,1,1.2426,577.81,0,465,1,1.2819,596.08,0,0,18.27,0,0,465,2021-06-30
FXUSETF,IE00BD3QHZ91,RUB,2,1,5650,11300.00,0,3,1,5763,17289.00,0,1,5989.00,0,0,3,2021-06-30
SBSPETF,RU000A1006W1,RUB,2,1,1639.4,3278.80,0,2,1,1661,3322.00,0,0,43.20,0,0,2,2021-06-30
VTBEETF,RU000A100HQ5,RUB,3,1,98.41,295.23,0,3,1,97.68,293.04,0,0,-2.19,0,0,3,2021-06-30
БПИФбрутто,RU000A0ZZH92,RUB,2,1,1838.5,3677.00,0,240,1,18.757,4501.68,0,238,824.68,0,0,240,2021-06-30
25084,RU000A101FA1,RUB,35,1000,99.261,34741.35,284.55,35,1000,99.264,34742.40,289.8,0,1.05,0,0,35,2023-06-01
RSHEETF,RU000A100HQ5,RUB,81,1,94.21,7631.01,0,81,1,94.21,7631.01,0,0,0.00,0,0,81,2023-06-01
SBSPETF,RU000A1006W1,RUB,5,1,1719,8595.00,0,5,1,1719,8595.00,0,0,0.00,0,0,5,2023-06-01
БПИФбрутто,RU000A0ZZH92,RUB,830,1,15.041,12484.03,0,830,1,15.153,12576.99,0,0,92.96,0,0,830,2023-06-01
ГАЗПРОМао,RU0007661625,RUB,30,5,162.33,4869.90,0,30,5,162.47,4874.10,0,0,4.20,0,0,30,2023-06-01
ЛУКОЙЛ,RU0009024277,RUB,1,0.025,5553.5,5553.50,0,1,0.025,5616.5,5616.50,0,0,63.00,0,0,1,2023-06-01
Магнитао,RU000A0JKQU8,RUB,0,0.01,4164,0.00,0,1,0.01,4356,4356.00,0,1,4356.00,0,0,1,2023-06-01
МТС-ао,RU0007775219,RUB,10,0.1,315.7,3157.00,0,10,0.1,317.65,3176.50,0,0,19.50,0,0,10,2023-06-01
Сбербанк,RU0009029540,RUB,20,3,243.94,4878.80,0,20,3,244.09,4881.80,0,0,3.00,0,0,20,2023-06-01
25084,RU000A101FA1,RUB,35,1000,99.261,34741.35,284.55,35,1000,99.547,34841.45,437.15,0,100.10,0,0,35,2023-06-30
RSHEETF,RU000A100HQ5,RUB,81,1,94.21,7631.01,0,81,1,94.21,7631.01,0,0,0.00,0,0,81,2023-06-30
SBSPETF,RU000A1006W1,RUB,5,1,1719,8595.00,0,5,1,1719,8595.00,0,0,0.00,0,0,5,2023-06-30
YandexclA,NL0009805522,RUB,0,0.01,2290.2,0.00,0,1,0.01,2445.4,2445.40,0,1,2445.40,0,0,1,2023-06-30
БПИФбрутто,RU000A0ZZH92,RUB,830,1,15.041,12484.03,0,830,1,15.804,13117.32,0,0,633.29,0,0,830,2023-06-30
ГАЗПРОМао,RU0007661625,RUB,30,5,162.33,4869.90,0,30,5,166.88,5006.40,0,0,136.50,0,0,30,2023-06-30
ЛУКОЙЛ,RU0009024277,RUB,1,0.025,5553.5,5553.50,0,1,0.025,5099,5099.00,0,0,-454.50,0,0,1,2023-06-30
Магнитао,RU000A0JKQU8,RUB,0,0.01,4164,0.00,0,1,0.01,5138,5138.00,0,1,5138.00,0,0,1,2023-06-30
МТС-ао,RU0007775219,RUB,10,0.1,315.7,3157.00,0,20,0.1,299.1,5982.00,0,10,2825.00,0,0,20,2023-06-30
Сбербанк,RU0009029540,RUB,20,3,243.94,4878.80,0,30,3,239.45,7183.50,0,10,2304.70,0,0,30,2023-06-30
FXDEETF,IE00BD3QJN10,RUB,1,1,3077,3077.00,0,1,1,3081,3081.00,0,0,4.00,0,0,1,2021-07-31
FXDMETF,IE00BMDKNM37,RUB,40,1,76.01,3040.40,0,40,1,76.58,3063.20,0,0,22.80,0,0,40,2021-07-31
FXGDETF,IE00B8XB7377,RUB,1,1,863.6,863.60,0,1,1,898.2,898.20,0,0,34.60,0,0,1,2021-07-31
FXIMETF,IE00BNC2D728,RUB,20,1,90.31,1806.20,0,20,1,93.68,1873.60,0,0,67.40,0,0,20,2021-07-31
FXRLETF,IE00BQ1Y6480,RUB,1,1,4103,4103.00,0,1,1,4109,4109.00,0,0,6.00,0,0,1,2021-07-31
FXRUETF,IE00BD5FH213,RUB,3,1,945.3,2835.90,0,3,1,946.9,2840.70,0,0,4.80,0,0,3,2021-07-31
FXRWETF,IE00BK224M36,RUB,465,1,1.2819,596.08,0,465,1,1.2738,592.32,0,0,-3.76,0,0,465,2021-07-31
FXUSETF,IE00BD3QHZ91,RUB,3,1,5763,17289.00,0,3,1,5915,17745.00,0,0,456.00,0,0,3,2021-07-31
SBSPETF,RU000A1006W1,RUB,2,1,1661,3322.00,0,2,1,1703.6,3407.20,0,0,85.20,0,0,2,2021-07-31
VTBEETF,RU000A100HQ5,RUB,3,1,97.68,293.04,0,36,1,92.67,3336.12,0,33,3043.08,0,0,36,2021-07-31
БПИФбрутто,RU000A0ZZH92,RUB,240,1,18.757,4501.68,0,240,1,19.026,4566.24,0,0,64.56,0,0,240,2021-07-31
SBSPETF,RU000A1006W1,RUB,5,1,1774.6,8873.00,0,5,1,1719,8595.00,0,0,-278.00,0,0,5,2022-07-29
VTBEETF,RU000A100HQ5,RUB,81,1,91.24,7390.44,0,81,1,94.21,7631.01,0,0,240.57,0,0,81,2022-07-29
БПИФбрутто,RU000A0ZZH92,RUB,417,1,11.427,4765.06,0,417,1,11.323,4721.69,0,0,-43.37,0,0,417,2022-07-29
SBSPETF,RU000A1006W1,RUB,5,1,1774.6,8873.00,0,5,1,1719,8595.00,0,0,-278.00,0,0,5,2022-07-31
VTBEETF,RU000A100HQ5,RUB,81,1,91.24,7390.44,0,81,1,94.21,7631.01,0,0,240.57,0,0,81,2022-07-31
БПИФбрутто,RU000A0ZZH92,RUB,417,1,11.427,4765.06,0,417,1,11.323,4721.69,0,0,-43.37,0,0,417,2022-07-31
FXDEETF,IE00BD3QJN10,RUB,0,1,0,0.00,0,100,1,29.39,2939.00,0,100,2939.00,0,0,100,2021-09-30
FXDEETF_Ст,IE00BD3QJN10_Ст,RUB,1,1,3131,3131.00,0,0,1,3139,0.00,0,-1,-3131.00,0,0,0,2021-09-30
FXDMETF,IE00BMDKNM37,RUB,40,1,78.62,3144.80,0,52,1,75.26,3913.52,0,12,768.72,18,0,70,2021-09-30
FXGDETF,IE00B8XB7377,RUB,1,1,895,895.00,0,1,1,850.4,850.40,0,0,-44.60,1,0,2,2021-09-30
FXIMETF,IE00BNC2D728,RUB,20,1,98.61,1972.20,0,23,1,92.43,2125.89,0,3,153.69,0,0,23,2021-09-30
FXRLETF,IE00BQ1Y6480,RUB,1,1,4272.5,4272.50,0,1,1,4451.5,4451.50,0,0,179.00,0,0,1,2021-09-30
FXRUETF,IE00BD5FH213,RUB,3,1,953.6,2860.80,0,3,1,944.5,2833.50,0,0,-27.30,0,0,3,2021-09-30
FXRWETF,IE00BK224M36,RUB,465,1,1.2976,603.38,0,800,1,1.2893,1031.44,0,335,428.06,0,0,800,2021-09-30
FXUSETF,IE00BD3QHZ91,RUB,3,1,6129,18387.00,0,3,1,5853,17559.00,0,0,-828.00,0,0,3,2021-09-30
SBSPETF,RU000A1006W1,RUB,2,1,1765,3530.00,0,2,1,1691,3382.00,0,0,-148.00,1,0,3,2021-09-30
VTBEETF,RU000A100HQ5,RUB,36,1,94.39,3398.04,0,50,1,90.56,4528.00,0,14,1129.96,0,0,50,2021-09-30
БПИФбрутто,RU000A0ZZH92,RUB,240,1,19.73,4735.20,0,240,1,20.607,4945.68,0,0,210.48,0,0,240,2021-09-30
FXDEETF,IE00BD3QJN10,RUB,100,1,29.39,2939.00,0,100,1,29.03,2903.00,0,0,-36.00,0,0,100,2021-10-01
FXDMETF,IE00BMDKNM37,RUB,52,1,75.26,3913.52,0,70,1,74.5,5215.00,0,18,1301.48,0,0,70,2021-10-01
FXGDETF,IE00B8XB7377,RUB,1,1,850.4,850.40,0,2,1,861.6,1723.20,0,1,872.80,0,0,2,2021-10-01
FXIMETF,IE00BNC2D728,RUB,23,1,92.43,2125.89,0,23,1,91.14,2096.22,0,0,-29.67,0,0,23,2021-10-01
FXRLETF,IE00BQ1Y6480,RUB,1,1,4451.5,4451.50,0,1,1,4454.5,4454.50,0,0,3.00,0,0,1,2021-10-01
FXRUETF,IE00BD5FH213,RUB,3,1,944.5,2833.50,0,3,1,944.7,2834.10,0,0,0.60,0,0,3,2021-10-01
FXRWETF,IE00BK224M36,RUB,800,1,1.2893,1031.44,0,800,1,1.2708,1016.64,0,0,-14.80,0,0,800,2021-10-01
FXUSETF,IE00BD3QHZ91,RUB,3,1,5853,17559.00,0,3,1,5758,17274.00,0,0,-285.00,0,0,3,2021-10-01
SBSPETF,RU000A1006W1,RUB,2,1,1691,3382.00,0,2,1,1665.6,3331.20,0,0,-50.80,1,0,3,2021-10-01
VTBEETF,RU000A100HQ5,RUB,50,1,90.56,4528.00,0,50,1,89.99,4499.50,0,0,-28.50,0,0,50,2021-10-01
БПИФбрутто,RU000A0ZZH92,RUB,240,1,20.607,4945.68,0,240,1,20.639,4953.36,0,0,7.68,0,0,240,2021-10-01
FXDEETF,IE00BD3QJN10,RUB,100,1,29.39,2939.00,0,100,1,29.02,2902.00,0,0,-37.00,0,0,100,2021-10-31
FXDMETF,IE00BMDKNM37,RUB,52,1,75.26,3913.52,0,70,1,75.55,5288.50,0,18,1374.98,0,0,70,2021-10-31
FXGDETF,IE00B8XB7377,RUB,1,1,850.4,850.40,0,2,1,848.2,1696.40,0,1,846.00,0,0,2,2021-10-31
FXIMETF,IE00BNC2D728,RUB,23,1,92.43,2125.89,0,23,1,93.53,2151.19,0,0,25.30,0,0,23,2021-10-31
FXRLETF,IE00BQ1Y6480,RUB,0,1,0,0.00,0,100,1,45.445,4544.50,0,100,4544.50,0,0,100,2021-10-31
FXRLETF_old,IE00BQ1Y6480old,RUB,1,1,4451.5,4451.50,0,0,1,4480.5,0.00,0,-1,-4451.50,0,0,0,2021-10-31
FXRUETF,IE00BD5FH213,RUB,3,1,944.5,2833.50,0,3,1,913.9,2741.70,0,0,-91.80,0,0,3,2021-10-31
FXRWETF,IE00BK224M36,RUB,800,1,1.2893,1031.44,0,800,1,1.3255,1060.40,0,0,28.96,0,0,800,2021-10-31
FXUSETF,IE00BD3QHZ91,RUB,0,1,0,0.00,0,300,1,59.53,17859.00,0,300,17859.00,0,0,300,2021-10-31
FXUSETF_old,IE00BD3QHZ91old,RUB,3,1,5853,17559.00,0,0,1,5712,0.00,0,-3,-17559.00,0,0,0,2021-10-31
SBSPETF,RU000A1006W1,RUB,2,1,1691,3382.00,0,3,1,1718.2,5154.60,0,1,1772.60,0,0,3,2021-10-31
VTBEETF,RU000A100HQ5,RUB,50,1,90.56,4528.00,0,50,1,88.71,4435.50,0,0,-92.50,0,0,50,2021-10-31
БПИФбрутто,RU000A0ZZH92,RUB,240,1,20.607,4945.68,0,240,1,20.998,5039.52,0,0,93.84,0,0,240,2021-10-31
FXDEETF,IE00BD3QJN10,RUB,100,1,29.02,2902.00,0,100,1,28.96,2896.00,0,0,-6.00,0,0,100,2021-11-30
FXDMETF,IE00BMDKNM37,RUB,70,1,75.55,5288.50,0,70,1,76.39,5347.30,0,0,58.80,0,0,70,2021-11-30
FXGDETF,IE00B8XB7377,RUB,2,1,848.2,1696.40,0,2,1,900.2,1800.40,0,0,104.00,0,0,2,2021-11-30
FXIMETF,IE00BNC2D728,RUB,23,1,93.53,2151.19,0,30,1,102.9,3087.00,0,7,935.81,0,0,30,2021-11-30
FXRLETF,IE00BQ1Y6480,RUB,100,1,45.445,4544.50,0,135,1,42.31,5711.85,0,35,1167.35,0,0,135,2021-11-30
FXRUETF,IE00BD5FH213,RUB,3,1,913.9,2741.70,0,3,1,953.8,2861.40,0,0,119.70,0,0,3,2021-11-30
FXRWETF,IE00BK224M36,RUB,800,1,1.3255,1060.40,0,800,1,1.3099,1047.92,0,0,-12.48,0,0,800,2021-11-30
FXUSETF,IE00BD3QHZ91,RUB,300,1,59.53,17859.00,0,300,1,63.24,18972.00,0,0,1113.00,0,0,300,2021-11-30
SBSPETF,RU000A1006W1,RUB,3,1,1718.2,5154.60,0,3,1,1828.6,5485.80,0,0,331.20,0,0,3,2021-11-30
VTBEETF,RU000A100HQ5,RUB,50,1,88.71,4435.50,0,63,1,90.33,5690.79,0,13,1255.29,0,0,63,2021-11-30
БПИФбрутто,RU000A0ZZH92,RUB,240,1,20.998,5039.52,0,268,1,19.595,5251.46,0,28,211.94,0,0,268,2021-11-30
RSHEETF,RU000A100HQ5,RUB,81,1,94.21,7631.01,0,81,1,94.21,7631.01,0,0,0.00,0,0,81,2022-11-30
SBSPETF,RU000A1006W1,RUB,5,1,1719,8595.00,0,5,1,1719,8595.00,0,0,0.00,0,0,5,2022-11-30
БПИФбрутто,RU000A0ZZH92,RUB,417,1,11.579,4828.44,0,417,1,11.62,4845.54,0,0,17.10,0,0,417,2022-11-30
FXDEETF,IE00BD3QJN10,RUB,100,1,28.96,2896.00,0,118,1,29.95,3534.10,0,18,638.10,0,0,118,2021-12-31
FXDMETF,IE00BMDKNM37,RUB,70,1,76.39,5347.30,0,89,1,80.07,7126.23,0,19,1778.93,0,0,89,2021-12-31
FXGDETF,IE00B8XB7377,RUB,2,1,900.2,1800.40,0,2,1,901,1802.00,0,0,1.60,3,3,2,2021-12-31
FXIMETF,IE00BNC2D728,RUB,30,1,102.9,3087.00,0,30,1,104.64,3139.20,0,0,52.20,0,0,30,2021-12-31
FXRLETF,IE00BQ1Y6480,RUB,135,1,42.31,5711.85,0,170,1,41.625,7076.25,0,35,1364.40,0,0,170,2021-12-31
FXRUETF,IE00BD5FH213,RUB,3,1,953.8,2861.40,0,3,1,948.2,2844.60,0,0,-16.80,0,0,3,2021-12-31
FXRWETF,IE00BK224M36,RUB,800,1,1.3099,1047.92,0,1035,1,1.3566,1404.08,0,235,356.16,0,0,1035,2021-12-31
FXUSETF,IE00BD3QHZ91,RUB,300,1,63.24,18972.00,0,300,1,65.21,19563.00,0,0,591.00,0,0,300,2021-12-31
SBSPETF,RU000A1006W1,RUB,3,1,1828.6,5485.80,0,4,1,1901,7604.00,0,1,2118.20,0,0,4,2021-12-31
VTBEETF,RU000A100HQ5,RUB,63,1,90.33,5690.79,0,78,1,90.69,7073.82,0,15,1383.03,0,0,78,2021-12-31
БПИФбрутто,RU000A0ZZH92,RUB,268,1,19.595,5251.46,0,370,1,19.281,7133.97,0,102,1882.51,0,0,370,2021-12-31
25084,RU000A101FA1,RUB,0,1000,98.455,0.00,0,30,1000,98.71,29613.00,374.7,30,29613.00,0,0,30,2022-12-31
RSHEETF,RU000A100HQ5,RUB,81,1,94.21,7631.01,0,81,1,94.21,7631.01,0,0,0.00,0,0,81,2022-12-31
SBSPETF,RU000A1006W1,RUB,5,1,1719,8595.00,0,5,1,1719,8595.00,0,0,0.00,0,0,5,2022-12-31
БПИФбрутто,RU000A0ZZH92,RUB,417,1,11.62,4845.54,0,470,1,11.744,5519.68,0,53,674.14,0,0,470,2022-12-31
FXDEETF,IE00BD3QJN10,RUB,118,1,30.275,3572.45,0,118,1,30.25,3569.50,0,0,-2.95,0,0,118,2022-02-02
FXDMETF,IE00BMDKNM37,RUB,89,1,80.42,7157.38,0,89,1,80.93,7202.77,0,0,45.39,0,0,89,2022-02-02
FXGDETF,IE00B8XB7377,RUB,2,1,932.2,1864.40,0,2,1,932.2,1864.40,0,0,0.00,0,0,2,2022-02-02
FXIMETF,IE00BNC2D728,RUB,37,1,99.45,3679.65,0,37,1,100.06,3702.22,0,0,22.57,0,0,37,2022-02-02
FXRLETF,IE00BQ1Y6480,RUB,187,1,39.495,7385.57,0,187,1,39.445,7376.22,0,0,-9.35,0,0,187,2022-02-02
FXRUETF,IE00BD5FH213,RUB,3,1,932.9,2798.70,0,3,1,932.9,2798.70,0,0,0.00,0,0,3,2022-02-02
FXRWETF,IE00BK224M36,RUB,1100,1,1.3056,1436.16,0,1100,1,1.3176,1449.36,0,0,13.20,0,0,1100,2022-02-02
FXUSETF,IE00BD3QHZ91,RUB,345,1,63.08,21762.60,0,345,1,63.57,21931.65,0,0,169.05,0,0,345,2022-02-02
SBSPETF,RU000A1006W1,RUB,4,1,1844,7376.00,0,4,1,1860.8,7443.20,0,0,67.20,0,0,4,2022-02-02
VTBEETF,RU000A100HQ5,RUB,78,1,94.61,7379.58,0,78,1,94.71,7387.38,0,0,7.80,0,0,78,2022-02-02
БПИФбрутто,RU000A0ZZH92,RUB,410,1,18.299,7502.59,0,410,1,18.215,7468.15,0,0,-34.44,0,0,410,2022-02-02
25084,RU000A101FA1,RUB,30,1000,98.733,29619.90,640.5,30,1000,98.782,29634.60,644.7,0,14.70,2,0,32,2023-03-02
RSHEETF,RU000A100HQ5,RUB,81,1,94.21,7631.01,0,81,1,94.21,7631.01,0,0,0.00,0,0,81,2023-03-02
SBSPETF,RU000A1006W1,RUB,5,1,1719,8595.00,0,5,1,1719,8595.00,0,0,0.00,0,0,5,2023-03-02
БПИФбрутто,RU000A0ZZH92,RUB,470,1,12.48,5865.60,0,470,1,12.359,5808.73,0,0,-56.87,100,0,570,2023-03-02
Сбербанк,RU0009029540,RUB,0,3,170.45,0.00,0,0,3,168.62,0.00,0,0,0.00,10,0,10,2023-03-02
25084,RU000A101FA1,RUB,35,1000,99.303,34756.05,116.9,35,1000,99.27,34744.50,137.2,0,-11.55,0,0,35,2023-05-02
RSHEETF,RU000A100HQ5,RUB,81,1,94.21,7631.01,0,81,1,94.21,7631.01,0,0,0.00,0,0,81,2023-05-02
SBSPETF,RU000A1006W1,RUB,5,1,1719,8595.00,0,5,1,1719,8595.00,0,0,0.00,0,0,5,2023-05-02
БПИФбрутто,RU000A0ZZH92,RUB,750,1,14.361,10770.75,0,830,1,14.257,11833.31,0,80,1062.56,0,0,830,2023-05-02
ГАЗПРОМао,RU0007661625,RUB,10,5,182.39,1823.90,0,20,5,178.93,3578.60,0,10,1754.70,0,0,20,2023-05-02
МТС-ао,RU0007775219,RUB,10,0.1,272.1,2721.00,0,10,0.1,273.4,2734.00,0,0,13.00,0,0,10,2023-05-02
Сбербанк,RU0009029540,RUB,10,3,239.83,2398.30,0,20,3,242.63,4852.60,0,10,2454.30,0,0,20,2023-05-02
SBSPETF,RU000A1006W1,RUB,5,1,1774.6,8873.00,0,5,1,1774.6,8873.00,0,0,0.00,0,0,5,2022-07-02
VTBEETF,RU000A100HQ5,RUB,81,1,91.24,7390.44,0,81,1,91.24,7390.44,0,0,0.00,0,0,81,2022-07-02
БПИФбрутто,RU000A0ZZH92,RUB,417,1,11.284,4705.43,0,417,1,11.284,4705.43,0,0,0.00,0,0,417,2022-07-02
FXDEETF,IE00BD3QJN10,RUB,118,1,29.95,3534.10,0,118,1,30.16,3558.88,0,0,24.78,0,0,118,2022-01-03
FXDMETF,IE00BMDKNM37,RUB,89,1,80.07,7126.23,0,89,1,80.71,7183.19,0,0,56.96,0,0,89,2022-01-03
FXGDETF,IE00B8XB7377,RUB,2,1,901,1802.00,0,2,1,911,1822.00,0,0,20.00,3,3,2,2022-01-03
FXIMETF,IE00BNC2D728,RUB,30,1,104.64,3139.20,0,30,1,104.35,3130.50,0,0,-8.70,0,0,30,2022-01-03
FXRLETF,IE00BQ1Y6480,RUB,170,1,41.625,7076.25,0,170,1,42.485,7222.45,0,0,146.20,0,0,170,2022-01-03
FXRUETF,IE00BD5FH213,RUB,3,1,948.2,2844.60,0,3,1,946.5,2839.50,0,0,-5.10,0,0,3,2022-01-03
FXRWETF,IE00BK224M36,RUB,1035,1,1.3566,1404.08,0,1035,1,1.3599,1407.50,0,0,3.42,0,0,1035,2022-01-03
FXUSETF,IE00BD3QHZ91,RUB,300,1,65.21,19563.00,0,300,1,65.04,19512.00,0,0,-51.00,0,0,300,2022-01-03
SBSPETF,RU000A1006W1,RUB,4,1,1901,7604.00,0,4,1,1901,7604.00,0,0,0.00,0,0,4,2022-01-03
VTBEETF,RU000A100HQ5,RUB,78,1,90.69,7073.82,0,78,1,91.98,7174.44,0,0,100.62,0,0,78,2022-01-03
БПИФбрутто,RU000A0ZZH92,RUB,370,1,19.281,7133.97,0,370,1,19.701,7289.37,0,0,155.40,0,0,370,2022-01-03
FXDEETF,IE00BD3QJN10,RUB,118,1,30.25,3569.50,0,118,1,30.05,3545.90,0,0,-23.60,0,0,118,2022-02-03
FXDMETF,IE00BMDKNM37,RUB,89,1,80.93,7202.77,0,89,1,80.51,7165.39,0,0,-37.38,0,0,89,2022-02-03
FXGDETF,IE00B8XB7377,RUB,0,1,0,0.00,0,20,1,92.67,1853.40,0,20,1853.40,0,0,20,2022-02-03
FXGDETF_old,IE00B8XB7377,RUB,2,1,932.2,1864.40,0,0,1,932.2,0.00,0,-2,-1864.40,0,0,0,2022-02-03
FXIMETF,IE00BNC2D728,RUB,37,1,100.06,3702.22,0,37,1,98.61,3648.57,0,0,-53.65,0,0,37,2022-02-03
FXRLETF,IE00BQ1Y6480,RUB,187,1,39.445,7376.22,0,187,1,38.555,7209.79,0,0,-166.43,0,0,187,2022-02-03
FXRUETF,IE00BD5FH213,RUB,0,1,0,0.00,0,30,1,93.65,2809.50,0,30,2809.50,0,0,30,2022-02-03
FXRUETF_old1,IE00BD5FH213,RUB,3,1,932.9,2798.70,0,0,1,932.9,0.00,0,-3,-2798.70,0,0,0,2022-02-03
FXRWETF,IE00BK224M36,RUB,1100,1,1.3176,1449.36,0,1100,1,1.3082,1439.02,0,0,-10.34,0,0,1100,2022-02-03
FXUSETF,IE00BD3QHZ91,RUB,345,1,63.57,21931.65,0,345,1,62.99,21731.55,0,0,-200.10,0,0,345,2022-02-03
SBSPETF,RU000A1006W1,RUB,4,1,1860.8,7443.20,0,4,1,1851.8,7407.20,0,0,-36.00,0,0,4,2022-02-03
VTBEETF,RU000A100HQ5,RUB,78,1,94.71,7387.38,0,78,1,93.16,7266.48,0,0,-120.90,0,0,78,2022-02-03
БПИФбрутто,RU000A0ZZH92,RUB,410,1,18.215,7468.15,0,410,1,17.852,7319.32,0,0,-148.83,0,0,410,2022-02-03
25084,RU000A101FA1,RUB,30,1000,98.782,29634.60,644.7,32,1000,98.835,31627.20,692.48,2,1992.60,0,0,32,2023-03-03
RSHEETF,RU000A100HQ5,RUB,81,1,94.21,7631.01,0,81,1,94.21,7631.01,0,0,0.00,0,0,81,2023-03-03
SBSPETF,RU000A1006W1,RUB,5,1,1719,8595.00,0,5,1,1719,8595.00,0,0,0.00,0,0,5,2023-03-03
БПИФбрутто,RU000A0ZZH92,RUB,470,1,12.359,5808.73,0,470,1,12.445,5849.15,0,0,40.42,100,0,570,2023-03-03
Сбербанк,RU0009029540,RUB,0,3,168.62,0.00,0,0,3,169.55,0.00,0,0,0.00,10,0,10,2023-03-03
FXDEETF,IE00BD3QJN10,RUB,118,1,30.16,3558.88,0,118,1,30.43,3590.74,0,0,31.86,0,0,118,2022-01-04
FXDMETF,IE00BMDKNM37,RUB,89,1,80.71,7183.19,0,89,1,81.18,7225.02,0,0,41.83,0,0,89,2022-01-04
FXGDETF,IE00B8XB7377,RUB,2,1,911,1822.00,0,2,1,908.8,1817.60,0,0,-4.40,0,0,2,2022-01-04
FXIMETF,IE00BNC2D728,RUB,30,1,104.35,3130.50,0,30,1,105.5,3165.00,0,0,34.50,0,0,30,2022-01-04
FXRLETF,IE00BQ1Y6480,RUB,170,1,42.485,7222.45,0,170,1,42.645,7249.65,0,0,27.20,0,0,170,2022-01-04
FXRUETF,IE00BD5FH213,RUB,3,1,946.5,2839.50,0,3,1,948.6,2845.80,0,0,6.30,0,0,3,2022-01-04
FXRWETF,IE00BK224M36,RUB,1035,1,1.3599,1407.50,0,1035,1,1.3633,1411.02,0,0,3.52,0,0,1035,2022-01-04
FXUSETF,IE00BD3QHZ91,RUB,300,1,65.04,19512.00,0,300,1,65.64,19692.00,0,0,180.00,0,0,300,2022-01-04
SBSPETF,RU000A1006W1,RUB,4,1,1901,7604.00,0,4,1,1917,7668.00,0,0,64.00,0,0,4,2022-01-04
VTBEETF,RU000A100HQ5,RUB,78,1,91.98,7174.44,0,78,1,92.6,7222.80,0,0,48.36,0,0,78,2022-01-04
БПИФбрутто,RU000A0ZZH92,RUB,370,1,19.701,7289.37,0,370,1,19.784,7320.08,0,0,30.71,0,0,370,2022-01-04
FXDEETF,IE00BD3QJN10,RUB,100,1,29.03,2903.00,0,100,1,28.905,2890.50,0,0,-12.50,0,0,100,2021-10-04
FXDMETF,IE00BMDKNM37,RUB,70,1,74.5,5215.00,0,70,1,74.35,5204.50,0,0,-10.50,0,0,70,2021-10-04
FXGDETF,IE00B8XB7377,RUB,2,1,861.6,1723.20,0,2,1,859.4,1718.80,0,0,-4.40,0,0,2,2021-10-04
FXIMETF,IE00BNC2D728,RUB,23,1,91.14,2096.22,0,23,1,91.7,2109.10,0,0,12.88,0,0,23,2021-10-04
FXRLETF,IE00BQ1Y6480,RUB,1,1,4454.5,4454.50,0,1,1,4486.5,4486.50,0,0,32.00,0,0,1,2021-10-04
FXRUETF,IE00BD5FH213,RUB,3,1,944.7,2834.10,0,3,1,941.3,2823.90,0,0,-10.20,0,0,3,2021-10-04
FXRWETF,IE00BK224M36,RUB,800,1,1.2708,1016.64,0,800,1,1.2679,1014.32,0,0,-2.32,0,0,800,2021-10-04
FXUSETF,IE00BD3QHZ91,RUB,3,1,5758,17274.00,0,3,1,5794,17382.00,0,0,108.00,0,0,3,2021-10-04
SBSPETF,RU000A1006W1,RUB,2,1,1665.6,3331.20,0,3,1,1674.4,5023.20,0,1,1692.00,0,0,3,2021-10-04
VTBEETF,RU000A100HQ5,RUB,50,1,89.99,4499.50,0,50,1,89.7,4485.00,0,0,-14.50,0,0,50,2021-10-04
БПИФбрутто,RU000A0ZZH92,RUB,240,1,20.639,4953.36,0,240,1,20.739,4977.36,0,0,24.00,0,0,240,2021-10-04
25084,RU000A101FA1,RUB,33,1000,98.876,32629.08,867.24,33,1000,98.927,32645.91,0,0,16.83,0,0,33,2023-04-05
RSHEETF,RU000A100HQ5,RUB,81,1,94.21,7631.01,0,81,1,94.21,7631.01,0,0,0.00,0,0,81,2023-04-05
SBSPETF,RU000A1006W1,RUB,5,1,1719,8595.00,0,5,1,1719,8595.00,0,0,0.00,0,0,5,2023-04-05
БПИФбрутто,RU000A0ZZH92,RUB,680,1,13.662,9290.16,0,680,1,13.605,9251.40,0,0,-38.76,0,0,680,2023-04-05
МТС-ао,RU0007775219,RUB,10,0.1,256.05,2560.50,0,10,0.1,253.9,2539.00,0,0,-21.50,0,0,10,2023-04-05
Сбербанк,RU0009029540,RUB,10,3,215.87,2158.70,0,10,3,213.96,2139.60,0,0,-19.10,0,0,10,2023-04-05
25084,RU000A101FA1,RUB,32,1000,98.835,31627.20,692.48,32,1000,98.893,31645.76,706.24,0,18.56,0,0,32,2023-03-06
RSHEETF,RU000A100HQ5,RUB,81,1,94.21,7631.01,0,81,1,94.21,7631.01,0,0,0.00,0,0,81,2023-03-06
SBSPETF,RU000A1006W1,RUB,5,1,1719,8595.00,0,5,1,1719,8595.00,0,0,0.00,0,0,5,2023-03-06
БПИФбрутто,RU000A0ZZH92,RUB,470,1,12.445,5849.15,0,570,1,12.578,7169.46,0,100,1320.31,0,0,570,2023-03-06
Сбербанк,RU0009029540,RUB,0,3,169.55,0.00,0,10,3,172.05,1720.50,0,10,1720.50,0,0,10,2023-03-06
FXDEETF,IE00BD3QJN10,RUB,100,1,28.775,2877.50,0,100,1,28.3,2830.00,0,0,-47.50,0,0,100,2021-10-06
FXDMETF,IE00BMDKNM37,RUB,70,1,74.36,5205.20,0,70,1,73.32,5132.40,0,0,-72.80,0,0,70,2021-10-06
FXGDETF,IE00B8XB7377,RUB,2,1,857.2,1714.40,0,2,1,855.2,1710.40,0,0,-4.00,0,0,2,2021-10-06
FXIMETF,IE00BNC2D728,RUB,23,1,91.08,2094.84,0,23,1,90.7,2086.10,0,0,-8.74,0,0,23,2021-10-06
FXRLETF,IE00BQ1Y6480,RUB,1,1,4480.5,4480.50,0,1,1,4480.5,4480.50,0,0,0.00,0,0,1,2021-10-06
FXRUETF,IE00BD5FH213,RUB,3,1,937.3,2811.90,0,3,1,934.6,2803.80,0,0,-8.10,0,0,3,2021-10-06
FXRWETF,IE00BK224M36,RUB,800,1,1.2641,1011.28,0,800,1,1.2557,1004.56,0,0,-6.72,0,0,800,2021-10-06
FXUSETF,IE00BD3QHZ91,RUB,3,1,5712,17136.00,0,3,1,5712,17136.00,0,0,0.00,0,0,3,2021-10-06
SBSPETF,RU000A1006W1,RUB,3,1,1666.2,4998.60,0,3,1,1660,4980.00,0,0,-18.60,0,0,3,2021-10-06
VTBEETF,RU000A100HQ5,RUB,50,1,89.24,4462.00,0,50,1,88.24,4412.00,0,0,-50.00,0,0,50,2021-10-06
БПИФбрутто,RU000A0ZZH92,RUB,240,1,21.003,5040.72,0,240,1,21.158,5077.92,0,0,37.20,0,0,240,2021-10-06
FXDEETF,IE00BD3QJN10,RUB,1,1,3152.5,3152.50,0,1,1,3161.5,3161.50,0,0,9.00,0,0,1,2021-06-07
FXDMETF,IE00BMDKNM37,RUB,40,1,77.34,3093.60,0,40,1,77.58,3103.20,0,0,9.60,0,0,40,2021-06-07
FXIMETF,IE00BNC2D728,RUB,20,1,84.9,1698.00,0,20,1,85.71,1714.20,0,0,16.20,0,0,20,2021-06-07
FXRLETF,IE00BQ1Y6480,RUB,1,1,4072.5,4072.50,0,1,1,4081,4081.00,0,0,8.50,0,0,1,2021-06-07
FXRUETF,IE00BD5FH213,RUB,2,1,946,1892.00,0,2,1,942.9,1885.80,0,0,-6.20,0,0,2,2021-06-07
FXRWETF,IE00BK224M36,RUB,465,1,1.2538,583.02,0,465,1,1.257,584.51,0,0,1.49,0,0,465,2021-06-07
FXUSETF,IE00BD3QHZ91,RUB,2,1,5623,11246.00,0,2,1,5647,11294.00,0,0,48.00,0,0,2,2021-06-07
SBSPETF,RU000A1006W1,RUB,2,1,1633.4,3266.80,0,2,1,1636.8,3273.60,0,0,6.80,0,0,2,2021-06-07
VTBEETF,RU000A100HQ5,RUB,3,1,98.49,295.47,0,3,1,98.56,295.68,0,0,0.21,0,0,3,2021-06-07
БПИФбрутто,RU000A0ZZH92,RUB,2,1,1835.5,3671.00,0,200,1,18.899,3779.80,0,198,108.80,0,0,200,2021-06-07
FXDEETF,IE00BD3QJN10,RUB,100,1,28.3,2830.00,0,100,1,28.66,2866.00,0,0,36.00,0,0,100,2021-10-07
FXDMETF,IE00BMDKNM37,RUB,70,1,73.32,5132.40,0,70,1,74.14,5189.80,0,0,57.40,0,0,70,2021-10-07
FXGDETF,IE00B8XB7377,RUB,2,1,855.2,1710.40,0,2,1,855.2,1710.40,0,0,0.00,0,0,2,2021-10-07
FXIMETF,IE00BNC2D728,RUB,23,1,90.7,2086.10,0,23,1,93.11,2141.53,0,0,55.43,0,0,23,2021-10-07
FXRLETF,IE00BQ1Y6480,RUB,0,1,0,0.00,0,100,1,45.94,4594.00,0,100,4594.00,0,0,100,2021-10-07
FXRLETF_old,IE00BQ1Y6480old,RUB,1,1,4480.5,4480.50,0,0,1,4480.5,0.00,0,-1,-4480.50,0,0,0,2021-10-07
FXRUETF,IE00BD5FH213,RUB,3,1,934.6,2803.80,0,3,1,933.1,2799.30,0,0,-4.50,0,0,3,2021-10-07
FXRWETF,IE00BK224M36,RUB,800,1,1.2557,1004.56,0,800,1,1.2775,1022.00,0,0,17.44,0,0,800,2021-10-07
FXUSETF,IE00BD3QHZ91,RUB,0,1,0,0.00,0,300,1,58.39,17517.00,0,300,17517.00,0,0,300,2021-10-07
FXUSETF_old,IE00BD3QHZ91old,RUB,3,1,5712,17136.00,0,0,1,5712,0.00,0,-3,-17136.00,0,0,0,2021-10-07
SBSPETF,RU000A1006W1,RUB,3,1,1660,4980.00,0,3,1,1685.2,5055.60,0,0,75.60,0,0,3,2021-10-07
VTBEETF,RU000A100HQ5,RUB,50,1,88.24,4412.00,0,50,1,90.21,4510.50,0,0,98.50,0,0,50,2021-10-07
БПИФбрутто,RU000A0ZZH92,RUB,240,1,21.158,5077.92,0,240,1,21.265,5103.60,0,0,25.68,0,0,240,2021-10-07
FXDEETF,IE00BD3QJN10,RUB,1,1,3163.5,3163.50,0,1,1,3128.5,3128.50,0,0,-35.00,0,0,1,2021-06-09
FXDMETF,IE00BMDKNM37,RUB,40,1,77.5,3100.00,0,40,1,76.77,3070.80,0,0,-29.20,0,0,40,2021-06-09
FXIMETF,IE00BNC2D728,RUB,20,1,85.99,1719.80,0,20,1,85.74,1714.80,0,0,-5.00,0,0,20,2021-06-09
FXRLETF,IE00BQ1Y6480,RUB,1,1,4092,4092.00,0,1,1,4094,4094.00,0,0,2.00,0,0,1,2021-06-09
FXRUETF,IE00BD5FH213,RUB,2,1,940.6,1881.20,0,2,1,935.9,1871.80,0,0,-9.40,0,0,2,2021-06-09
FXRWETF,IE00BK224M36,RUB,465,1,1.2572,584.60,0,465,1,1.2568,584.41,0,0,-0.19,0,0,465,2021-06-09
FXUSETF,IE00BD3QHZ91,RUB,2,1,5628,11256.00,0,2,1,5599,11198.00,0,0,-58.00,0,0,2,2021-06-09
SBSPETF,RU000A1006W1,RUB,2,1,1632.6,3265.20,0,2,1,1622.8,3245.60,0,0,-19.60,0,0,2,2021-06-09
VTBEETF,RU000A100HQ5,RUB,3,1,97.89,293.67,0,3,1,97.31,291.93,0,0,-1.74,0,0,3,2021-06-09
БПИФбрутто,RU000A0ZZH92,RUB,200,1,18.88,3776.00,0,200,1,18.934,3786.80,0,0,10.80,40,0,240,2021-06-09
FXDEETF,IE00BD3QJN10,RUB,0,1,0,0.00,0,100,1,30.775,3077.50,0,100,3077.50,0,0,100,2021-09-09
FXDEETF_Ст,IE00BD3QJN10_Ст,RUB,1,1,3139,3139.00,0,0,1,3139,0.00,0,-1,-3139.00,0,0,0,2021-09-09
FXDMETF,IE00BMDKNM37,RUB,40,1,78.6,3144.00,0,40,1,78.02,3120.80,0,0,-23.20,0,0,40,2021-09-09
FXGDETF,IE00B8XB7377,RUB,1,1,885,885.00,0,1,1,882.2,882.20,0,0,-2.80,0,0,1,2021-09-09
FXIMETF,IE00BNC2D728,RUB,20,1,98.2,1964.00,0,20,1,98.03,1960.60,0,0,-3.40,0,0,20,2021-09-09
FXRLETF,IE00BQ1Y6480,RUB,1,1,4380,4380.00,0,1,1,4365,4365.00,0,0,-15.00,0,0,1,2021-09-09
FXRUETF,IE00BD5FH213,RUB,3,1,954.4,2863.20,0,3,1,952.5,2857.50,0,0,-5.70,0,0,3,2021-09-09
FXRWETF,IE00BK224M36,RUB,465,1,1.3298,618.36,0,465,1,1.3297,618.31,0,0,-0.05,0,0,465,2021-09-09
FXUSETF,IE00BD3QHZ91,RUB,3,1,6097,18291.00,0,3,1,6067,18201.00,0,0,-90.00,0,0,3,2021-09-09
SBSPETF,RU000A1006W1,RUB,2,1,1758.6,3517.20,0,2,1,1751,3502.00,0,0,-15.20,0,0,2,2021-09-09
VTBEETF,RU000A100HQ5,RUB,36,1,94.99,3419.64,0,36,1,93.96,3382.56,0,0,-37.08,0,0,36,2021-09-09
БПИФбрутто,RU000A0ZZH92,RUB,240,1,20.245,4858.80,0,240,1,20.132,4831.68,0,0,-27.12,0,0,240,2021-09-09
FXDEETF,IE00BD3QJN10,RUB,1,1,3128.5,3128.50,0,1,1,3111.5,3111.50,0,0,-17.00,0,0,1,2021-06-10
FXDMETF,IE00BMDKNM37,RUB,40,1,76.77,3070.80,0,40,1,76.51,3060.40,0,0,-10.40,0,0,40,2021-06-10
FXIMETF,IE00BNC2D728,RUB,20,1,85.74,1714.80,0,20,1,84.84,1696.80,0,0,-18.00,0,0,20,2021-06-10
FXRLETF,IE00BQ1Y6480,RUB,1,1,4094,4094.00,0,1,1,4112,4112.00,0,0,18.00,0,0,1,2021-06-10
FXRUETF,IE00BD5FH213,RUB,2,1,935.9,1871.80,0,2,1,934.9,1869.80,0,0,-2.00,0,0,2,2021-06-10
FXRWETF,IE00BK224M36,RUB,465,1,1.2568,584.41,0,465,1,1.256,584.04,0,0,-0.37,0,0,465,2021-06-10
FXUSETF,IE00BD3QHZ91,RUB,2,1,5599,11198.00,0,2,1,5576,11152.00,0,0,-46.00,0,0,2,2021-06-10
SBSPETF,RU000A1006W1,RUB,2,1,1622.8,3245.60,0,2,1,1619,3238.00,0,0,-7.60,0,0,2,2021-06-10
VTBEETF,RU000A100HQ5,RUB,3,1,97.31,291.93,0,3,1,97.02,291.06,0,0,-0.87,0,0,3,2021-06-10
БПИФбрутто,RU000A0ZZH92,RUB,200,1,18.934,3786.80,0,200,1,18.99,3798.00,0,0,11.20,40,0,240,2021-06-10
FXDEETF,IE00BD3QJN10,RUB,1,1,3111.5,3111.50,0,1,1,3112,3112.00,0,0,0.50,0,0,1,2021-06-11
FXDMETF,IE00BMDKNM37,RUB,40,1,76.51,3060.40,0,40,1,76.39,3055.60,0,0,-4.80,0,0,40,2021-06-11
FXIMETF,IE00BNC2D728,RUB,20,1,84.84,1696.80,0,20,1,85.66,1713.20,0,0,16.40,0,0,20,2021-06-11
FXRLETF,IE00BQ1Y6480,RUB,1,1,4112,4112.00,0,1,1,4118.5,4118.50,0,0,6.50,0,0,1,2021-06-11
FXRUETF,IE00BD5FH213,RUB,2,1,934.9,1869.80,0,2,1,931.6,1863.20,0,0,-6.60,0,0,2,2021-06-11
FXRWETF,IE00BK224M36,RUB,465,1,1.256,584.04,0,465,1,1.2582,585.06,0,0,1.02,0,0,465,2021-06-11
FXUSETF,IE00BD3QHZ91,RUB,2,1,5576,11152.00,0,2,1,5586,11172.00,0,0,20.00,1,0,3,2021-06-11
SBSPETF,RU000A1006W1,RUB,2,1,1619,3238.00,0,2,1,1619.4,3238.80,0,0,0.80,0,0,2,2021-06-11
VTBEETF,RU000A100HQ5,RUB,3,1,97.02,291.06,0,3,1,97.2,291.60,0,0,0.54,0,0,3,2021-06-11
БПИФбрутто,RU000A0ZZH92,RUB,200,1,18.99,3798.00,0,240,1,19.009,4562.16,0,40,764.16,0,0,240,2021-06-11
25084,RU000A101FA1,RUB,35,1000,99.224,34728.40,183.05,35,1000,99.221,34727.35,187.95,0,-1.05,0,0,35,2023-05-12
RSHEETF,RU000A100HQ5,RUB,81,1,94.21,7631.01,0,81,1,94.21,7631.01,0,0,0.00,0,0,81,2023-05-12
SBSPETF,RU000A1006W1,RUB,5,1,1719,8595.00,0,5,1,1719,8595.00,0,0,0.00,0,0,5,2023-05-12
БПИФбрутто,RU000A0ZZH92,RUB,830,1,14.51,12043.30,0,830,1,14.338,11900.54,0,0,-142.76,0,0,830,2023-05-12
ГАЗПРОМао,RU0007661625,RUB,20,5,176.29,3525.80,0,20,5,173.47,3469.40,0,0,-56.40,0,0,20,2023-05-12
ЛУКОЙЛ,RU0009024277,RUB,0,0.025,4803.5,0.00,0,0,0.025,4801.5,0.00,0,0,0.00,1,0,1,2023-05-12
МТС-ао,RU0007775219,RUB,10,0.1,275.45,2754.50,0,10,0.1,273.9,2739.00,0,0,-15.50,0,0,10,2023-05-12
Сбербанк,RU0009029540,RUB,20,3,232.05,4641.00,0,20,3,228.88,4577.60,0,0,-63.40,0,0,20,2023-05-12
25084,RU000A101FA1,RUB,33,1000,99.155,32721.15,38.28,33,1000,99.195,32734.35,43.23,0,13.20,2,0,35,2023-04-14
RSHEETF,RU000A100HQ5,RUB,81,1,94.21,7631.01,0,81,1,94.21,7631.01,0,0,0.00,0,0,81,2023-04-14
SBSPETF,RU000A1006W1,RUB,5,1,1719,8595.00,0,5,1,1719,8595.00,0,0,0.00,0,0,5,2023-04-14
БПИФбрутто,RU000A0ZZH92,RUB,680,1,13.892,9446.56,0,680,1,13.933,9474.44,0,0,27.88,70,0,750,2023-04-14
ГАЗПРОМао,RU0007661625,RUB,0,5,178.78,0.00,0,0,5,178.12,0.00,0,0,0.00,10,0,10,2023-04-14
МТС-ао,RU0007775219,RUB,10,0.1,260.65,2606.50,0,10,0.1,259.3,2593.00,0,0,-13.50,0,0,10,2023-04-14
Сбербанк,RU0009029540,RUB,10,3,219.09,2190.90,0,10,3,220.16,2201.60,0,0,10.70,0,0,10,2023-04-14
FXDEETF,IE00BD3QJN10,RUB,1,1,3112,3112.00,0,1,1,3136,3136.00,0,0,24.00,0,0,1,2021-06-14
FXDMETF,IE00BMDKNM37,RUB,40,1,76.39,3055.60,0,40,1,76.92,3076.80,0,0,21.20,0,0,40,2021-06-14
FXIMETF,IE00BNC2D728,RUB,20,1,85.66,1713.20,0,20,1,85.72,1714.40,0,0,1.20,0,0,20,2021-06-14
FXRLETF,IE00BQ1Y6480,RUB,1,1,4118.5,4118.50,0,1,1,4126.5,4126.50,0,0,8.00,0,0,1,2021-06-14
FXRUETF,IE00BD5FH213,RUB,2,1,931.6,1863.20,0,2,1,937.6,1875.20,0,0,12.00,0,0,2,2021-06-14
FXRWETF,IE00BK224M36,RUB,465,1,1.2582,585.06,0,465,1,1.2616,586.64,0,0,1.58,0,0,465,2021-06-14
FXUSETF,IE00BD3QHZ91,RUB,2,1,5586,11172.00,0,2,1,5621,11242.00,0,0,70.00,1,0,3,2021-06-14
SBSPETF,RU000A1006W1,RUB,2,1,1619.4,3238.80,0,2,1,1627.8,3255.60,0,0,16.80,0,0,2,2021-06-14
VTBEETF,RU000A100HQ5,RUB,3,1,97.2,291.60,0,3,1,96.72,290.16,0,0,-1.44,0,0,3,2021-06-14
БПИФбрутто,RU000A0ZZH92,RUB,240,1,19.009,4562.16,0,240,1,19.081,4579.44,0,0,17.28,0,0,240,2021-06-14
25084,RU000A101FA1,RUB,35,1000,99.365,34777.75,350.7,35,1000,99.395,34788.25,355.95,0,10.50,0,0,35,2023-06-14
RSHEETF,RU000A100HQ5,RUB,81,1,94.21,7631.01,0,81,1,94.21,7631.01,0,0,0.00,0,0,81,2023-06-14
SBSPETF,RU000A1006W1,RUB,5,1,1719,8595.00,0,5,1,1719,8595.00,0,0,0.00,0,0,5,2023-06-14
YandexclA,NL0009805522,RUB,0,0.01,2510.6,0.00,0,0,0.01,2607.6,0.00,0,0,0.00,1,0,1,2023-06-14
БПИФбрутто,RU000A0ZZH92,RUB,830,1,15.496,12861.68,0,830,1,15.653,12991.99,0,0,130.31,0,0,830,2023-06-14
ГАЗПРОМао,RU0007661625,RUB,30,5,167.1,5013.00,0,30,5,168.12,5043.60,0,0,30.60,0,0,30,2023-06-14
ЛУКОЙЛ,RU0009024277,RUB,1,0.025,5198,5198.00,0,1,0.025,5258.5,5258.50,0,0,60.50,0,0,1,2023-06-14
Магнитао,RU000A0JKQU8,RUB,1,0.01,4303.5,4303.50,0,1,0.01,4343,4343.00,0,0,39.50,0,0,1,2023-06-14
МТС-ао,RU0007775219,RUB,10,0.1,330.25,3302.50,0,10,0.1,329.4,3294.00,0,0,-8.50,0,0,10,2023-06-14
Сбербанк,RU0009029540,RUB,20,3,243.12,4862.40,0,20,3,245.84,4916.80,0,0,54.40,10,0,30,2023-06-14
25084,RU000A101FA1,RUB,35,1000,99.221,34727.35,187.95,35,1000,99.197,34718.95,203.35,0,-8.40,0,0,35,2023-05-15
RSHEETF,RU000A100HQ5,RUB,81,1,94.21,7631.01,0,81,1,94.21,7631.01,0,0,0.00,0,0,81,2023-05-15
SBSPETF,RU000A1006W1,RUB,5,1,1719,8595.00,0,5,1,1719,8595.00,0,0,0.00,0,0,5,2023-05-15
БПИФбрутто,RU000A0ZZH92,RUB,830,1,14.338,11900.54,0,830,1,14.57,12093.10,0,0,192.56,0,0,830,2023-05-15
ГАЗПРОМао,RU0007661625,RUB,20,5,173.47,3469.40,0,20,5,174.36,3487.20,0,0,17.80,0,0,20,2023-05-15
ЛУКОЙЛ,RU0009024277,RUB,0,0.025,4801.5,0.00,0,0,0.025,4934.5,0.00,0,0,0.00,1,0,1,2023-05-15
МТС-ао,RU0007775219,RUB,10,0.1,273.9,2739.00,0,10,0.1,284.45,2844.50,0,0,105.50,0,0,10,2023-05-15
Сбербанк,RU0009029540,RUB,20,3,228.88,4577.60,0,20,3,229.92,4598.40,0,0,20.80,0,0,20,2023-05-15
FXDEETF,IE00BD3QJN10,RUB,1,1,3136,3136.00,0,1,1,3134.5,3134.50,0,0,-1.50,0,0,1,2021-06-15
FXDMETF,IE00BMDKNM37,RUB,40,1,76.92,3076.80,0,40,1,76.89,3075.60,0,0,-1.20,0,0,40,2021-06-15
FXIMETF,IE00BNC2D728,RUB,20,1,85.72,1714.40,0,20,1,86.42,1728.40,0,0,14.00,0,0,20,2021-06-15
FXRLETF,IE00BQ1Y6480,RUB,1,1,4126.5,4126.50,0,1,1,4127,4127.00,0,0,0.50,0,0,1,2021-06-15
FXRUETF,IE00BD5FH213,RUB,2,1,937.6,1875.20,0,2,1,933.6,1867.20,0,0,-8.00,0,0,2,2021-06-15
FXRWETF,IE00BK224M36,RUB,465,1,1.2616,586.64,0,465,1,1.2696,590.36,0,0,3.72,0,0,465,2021-06-15
FXUSETF,IE00BD3QHZ91,RUB,2,1,5621,11242.00,0,3,1,5622,16866.00,0,1,5624.00,0,0,3,2021-06-15
SBSPETF,RU000A1006W1,RUB,2,1,1627.8,3255.60,0,2,1,1628,3256.00,0,0,0.40,0,0,2,2021-06-15
VTBEETF,RU000A100HQ5,RUB,3,1,96.72,290.16,0,3,1,96.59,289.77,0,0,-0.39,0,0,3,2021-06-15
БПИФбрутто,RU000A0ZZH92,RUB,240,1,19.081,4579.44,0,240,1,19.051,4572.24,0,0,-7.20,0,0,240,2021-06-15
25084,RU000A101FA1,RUB,35,1000,99.395,34788.25,355.95,35,1000,99.392,34787.20,360.85,0,-1.05,0,0,35,2023-06-15
RSHEETF,RU000A100HQ5,RUB,81,1,94.21,7631.01,0,81,1,94.21,7631.01,0,0,0.00,0,0,81,2023-06-15
SBSPETF,RU000A1006W1,RUB,5,1,1719,8595.00,0,5,1,1719,8595.00,0,0,0.00,0,0,5,2023-06-15
YandexclA,NL0009805522,RUB,0,0.01,2607.6,0.00,0,0,0.01,2596.4,0.00,0,0,0.00,1,0,1,2023-06-15
БПИФбрутто,RU000A0ZZH92,RUB,830,1,15.653,12991.99,0,830,1,15.796,13110.68,0,0,118.69,0,0,830,2023-06-15
ГАЗПРОМао,RU0007661625,RUB,30,5,168.12,5043.60,0,30,5,169.69,5090.70,0,0,47.10,0,0,30,2023-06-15
ЛУКОЙЛ,RU0009024277,RUB,1,0.025,5258.5,5258.50,0,1,0.025,5277.5,5277.50,0,0,19.00,0,0,1,2023-06-15
Магнитао,RU000A0JKQU8,RUB,1,0.01,4343,4343.00,0,1,0.01,4469,4469.00,0,0,126.00,0,0,1,2023-06-15
МТС-ао,RU0007775219,RUB,10,0.1,329.4,3294.00,0,10,0.1,333.85,3338.50,0,0,44.50,0,0,10,2023-06-15
Сбербанк,RU0009029540,RUB,20,3,245.84,4916.80,0,20,3,244.78,4895.60,0,0,-21.20,10,0,30,2023-06-15
FXDEETF,IE00BD3QJN10,RUB,100,1,30.83,3083.00,0,100,1,30.78,3078.00,0,0,-5.00,0,0,100,2021-09-15
FXDMETF,IE00BMDKNM37,RUB,40,1,78.12,3124.80,0,40,1,77.76,3110.40,0,0,-14.40,12,0,52,2021-09-15
FXGDETF,IE00B8XB7377,RUB,1,1,879,879.00,0,1,1,881.2,881.20,0,0,2.20,0,0,1,2021-09-15
FXIMETF,IE00BNC2D728,RUB,20,1,96.46,1929.20,0,20,1,96.09,1921.80,0,0,-7.40,3,0,23,2021-09-15
FXRLETF,IE00BQ1Y6480,RUB,1,1,4427,4427.00,0,1,1,4438.5,4438.50,0,0,11.50,0,0,1,2021-09-15
FXRUETF,IE00BD5FH213,RUB,3,1,948.5,2845.50,0,3,1,947.6,2842.80,0,0,-2.70,0,0,3,2021-09-15
FXRWETF,IE00BK224M36,RUB,465,1,1.3207,614.13,0,465,1,1.3187,613.20,0,0,-0.93,335,0,800,2021-09-15
FXUSETF,IE00BD3QHZ91,RUB,3,1,6003,18009.00,0,3,1,5959,17877.00,0,0,-132.00,0,0,3,2021-09-15
SBSPETF,RU000A1006W1,RUB,2,1,1732,3464.00,0,2,1,1721,3442.00,0,0,-22.00,0,0,2,2021-09-15
VTBEETF,RU000A100HQ5,RUB,36,1,93.74,3374.64,0,36,1,92.88,3343.68,0,0,-30.96,14,0,50,2021-09-15
БПИФбрутто,RU000A0ZZH92,RUB,240,1,20.456,4909.44,0,240,1,20.55,4932.00,0,0,22.56,0,0,240,2021-09-15
FXDEETF,IE00BD3QJN10,RUB,100,1,29.11,2911.00,0,100,1,29.005,2900.50,0,0,-10.50,3,0,103,2021-12-15
FXDMETF,IE00BMDKNM37,RUB,70,1,76.87,5380.90,0,70,1,76.84,5378.80,0,0,-2.10,8,0,78,2021-12-15
FXGDETF,IE00B8XB7377,RUB,2,1,878.4,1756.80,0,2,1,875.2,1750.40,0,0,-6.40,0,0,2,2021-12-15
FXIMETF,IE00BNC2D728,RUB,30,1,100.84,3025.20,0,30,1,100.13,3003.90,0,0,-21.30,0,0,30,2021-12-15
FXRLETF,IE00BQ1Y6480,RUB,135,1,39.545,5338.58,0,135,1,39.955,5393.93,0,0,55.35,15,0,150,2021-12-15
FXRUETF,IE00BD5FH213,RUB,3,1,933.5,2800.50,0,3,1,938.4,2815.20,0,0,14.70,0,0,3,2021-12-15
FXRWETF,IE00BK224M36,RUB,800,1,1.3273,1061.84,0,800,1,1.3236,1058.88,0,0,-2.96,100,0,900,2021-12-15
FXUSETF,IE00BD3QHZ91,RUB,300,1,62.59,18777.00,0,300,1,62.42,18726.00,0,0,-51.00,0,0,300,2021-12-15
SBSPETF,RU000A1006W1,RUB,3,1,1821.2,5463.60,0,3,1,1815,5445.00,0,0,-18.60,0,0,3,2021-12-15
VTBEETF,RU000A100HQ5,RUB,63,1,89.26,5623.38,0,63,1,89.19,5618.97,0,0,-4.41,4,0,67,2021-12-15
БПИФбрутто,RU000A0ZZH92,RUB,268,1,18.32,4909.76,0,268,1,18.51,4960.68,0,0,50.92,52,0,320,2021-12-15
25084,RU000A101FA1,RUB,35,1000,99.197,34718.95,203.35,35,1000,99.176,34711.60,208.25,0,-7.35,0,0,35,2023-05-16
RSHEETF,RU000A100HQ5,RUB,81,1,94.21,7631.01,0,81,1,94.21,7631.01,0,0,0.00,0,0,81,2023-05-16
SBSPETF,RU000A1006W1,RUB,5,1,1719,8595.00,0,5,1,1719,8595.00,0,0,0.00,0,0,5,2023-05-16
БПИФбрутто,RU000A0ZZH92,RUB,830,1,14.57,12093.10,0,830,1,14.733,12228.39,0,0,135.29,0,0,830,2023-05-16
ГАЗПРОМао,RU0007661625,RUB,20,5,174.36,3487.20,0,20,5,179.08,3581.60,0,0,94.40,0,0,20,2023-05-16
ЛУКОЙЛ,RU0009024277,RUB,0,0.025,4934.5,0.00,0,1,0.025,5085,5085.00,0,1,5085.00,0,0,1,2023-05-16
МТС-ао,RU0007775219,RUB,10,0.1,284.45,2844.50,0,10,0.1,289.85,2898.50,0,0,54.00,0,0,10,2023-05-16
Сбербанк,RU0009029540,RUB,20,3,229.92,4598.40,0,20,3,230.7,4614.00,0,0,15.60,0,0,20,2023-05-16
25084,RU000A101FA1,RUB,35,1000,99.392,34787.20,360.85,35,1000,99.407,34792.45,366.1,0,5.25,0,0,35,2023-06-16
RSHEETF,RU000A100HQ5,RUB,81,1,94.21,7631.01,0,81,1,94.21,7631.01,0,0,0.00,0,0,81,2023-06-16
SBSPETF,RU000A1006W1,RUB,5,1,1719,8595.00,0,5,1,1719,8595.00,0,0,0.00,0,0,5,2023-06-16
YandexclA,NL0009805522,RUB,0,0.01,2596.4,0.00,0,1,0.01,2544,2544.00,0,1,2544.00,0,0,1,2023-06-16
БПИФбрутто,RU000A0ZZH92,RUB,830,1,15.796,13110.68,0,830,1,15.836,13143.88,0,0,33.20,0,0,830,2023-06-16
ГАЗПРОМао,RU0007661625,RUB,30,5,169.69,5090.70,0,30,5,170.35,5110.50,0,0,19.80,0,0,30,2023-06-16
ЛУКОЙЛ,RU0009024277,RUB,1,0.025,5277.5,5277.50,0,1,0.025,5278.5,5278.50,0,0,1.00,0,0,1,2023-06-16
Магнитао,RU000A0JKQU8,RUB,1,0.01,4469,4469.00,0,1,0.01,4502,4502.00,0,0,33.00,0,0,1,2023-06-16
МТС-ао,RU0007775219,RUB,10,0.1,333.85,3338.50,0,10,0.1,339.2,3392.00,0,0,53.50,0,0,10,2023-06-16
Сбербанк,RU0009029540,RUB,20,3,244.78,4895.60,0,30,3,244.52,7335.60,0,10,2440.00,0,0,30,2023-06-16
FXDEETF,IE00BD3QJN10,RUB,1,1,3127,3127.00,0,1,1,3118,3118.00,0,0,-9.00,0,0,1,2021-07-16
FXDMETF,IE00BMDKNM37,RUB,40,1,77.53,3101.20,0,40,1,77.2,3088.00,0,0,-13.20,0,0,40,2021-07-16
FXGDETF,IE00B8XB7377,RUB,1,1,913.8,913.80,0,1,1,909.8,909.80,0,0,-4.00,0,0,1,2021-07-16
FXIMETF,IE00BNC2D728,RUB,20,1,94.58,1891.60,0,20,1,93.95,1879.00,0,0,-12.60,0,0,20,2021-07-16
FXRLETF,IE00BQ1Y6480,RUB,1,1,4145,4145.00,0,1,1,4118.5,4118.50,0,0,-26.50,0,0,1,2021-07-16
FXRUETF,IE00BD5FH213,RUB,3,1,959.6,2878.80,0,3,1,959.4,2878.20,0,0,-0.60,0,0,3,2021-07-16
FXRWETF,IE00BK224M36,RUB,465,1,1.2898,599.76,0,465,1,1.2837,596.92,0,0,-2.84,0,0,465,2021-07-16
FXUSETF,IE00BD3QHZ91,RUB,3,1,5950,17850.00,0,3,1,5948,17844.00,0,0,-6.00,0,0,3,2021-07-16
SBSPETF,RU000A1006W1,RUB,2,1,1720.2,3440.40,0,2,1,1719.6,3439.20,0,0,-1.20,0,0,2,2021-07-16
VTBEETF,RU000A100HQ5,RUB,3,1,98.25,294.75,0,3,1,97.95,293.85,0,0,-0.90,0,0,3,2021-07-16
БПИФбрутто,RU000A0ZZH92,RUB,240,1,19.14,4593.60,0,240,1,19.114,4587.36,0,0,-6.24,0,0,240,2021-07-16
FXDEETF,IE00BD3QJN10,RUB,100,1,30.78,3078.00,0,100,1,30.59,3059.00,0,0,-19.00,0,0,100,2021-09-16
FXDMETF,IE00BMDKNM37,RUB,40,1,77.76,3110.40,0,40,1,77.03,3081.20,0,0,-29.20,12,0,52,2021-09-16
FXGDETF,IE00B8XB7377,RUB,1,1,881.2,881.20,0,1,1,861.6,861.60,0,0,-19.60,0,0,1,2021-09-16
FXIMETF,IE00BNC2D728,RUB,20,1,96.09,1921.80,0,20,1,96.33,1926.60,0,0,4.80,3,0,23,2021-09-16
FXRLETF,IE00BQ1Y6480,RUB,1,1,4438.5,4438.50,0,1,1,4424,4424.00,0,0,-14.50,0,0,1,2021-09-16
FXRUETF,IE00BD5FH213,RUB,3,1,947.6,2842.80,0,3,1,945.2,2835.60,0,0,-7.20,0,0,3,2021-09-16
FXRWETF,IE00BK224M36,RUB,465,1,1.3187,613.20,0,465,1,1.3157,611.80,0,0,-1.40,335,0,800,2021-09-16
FXUSETF,IE00BD3QHZ91,RUB,3,1,5959,17877.00,0,3,1,5975,17925.00,0,0,48.00,0,0,3,2021-09-16
SBSPETF,RU000A1006W1,RUB,2,1,1721,3442.00,0,2,1,1723.8,3447.60,0,0,5.60,0,0,2,2021-09-16
VTBEETF,RU000A100HQ5,RUB,36,1,92.88,3343.68,0,36,1,92.27,3321.72,0,0,-21.96,14,0,50,2021-09-16
БПИФбрутто,RU000A0ZZH92,RUB,240,1,20.55,4932.00,0,240,1,20.487,4916.88,0,0,-15.12,0,0,240,2021-09-16
FXDEETF,IE00BD3QJN10,RUB,100,1,29.005,2900.50,0,100,1,29.465,2946.50,0,0,46.00,3,0,103,2021-12-16
FXDMETF,IE00BMDKNM37,RUB,70,1,76.84,5378.80,0,70,1,77.37,5415.90,0,0,37.10,8,0,78,2021-12-16
FXGDETF,IE00B8XB7377,RUB,2,1,875.2,1750.40,0,2,1,880.8,1761.60,0,0,11.20,0,0,2,2021-12-16
FXIMETF,IE00BNC2D728,RUB,30,1,100.13,3003.90,0,30,1,103.1,3093.00,0,0,89.10,0,0,30,2021-12-16
FXRLETF,IE00BQ1Y6480,RUB,135,1,39.955,5393.93,0,135,1,41.015,5537.03,0,0,143.10,15,0,150,2021-12-16
FXRUETF,IE00BD5FH213,RUB,3,1,938.4,2815.20,0,3,1,935.4,2806.20,0,0,-9.00,0,0,3,2021-12-16
FXRWETF,IE00BK224M36,RUB,800,1,1.3236,1058.88,0,800,1,1.3418,1073.44,0,0,14.56,100,0,900,2021-12-16
FXUSETF,IE00BD3QHZ91,RUB,300,1,62.42,18726.00,0,300,1,63.61,19083.00,0,0,357.00,0,0,300,2021-12-16
SBSPETF,RU000A1006W1,RUB,3,1,1815,5445.00,0,3,1,1845.4,5536.20,0,0,91.20,0,0,3,2021-12-16
VTBEETF,RU000A100HQ5,RUB,63,1,89.19,5618.97,0,63,1,90.06,5673.78,0,0,54.81,4,0,67,2021-12-16
БПИФбрутто,RU000A0ZZH92,RUB,268,1,18.51,4960.68,0,268,1,18.925,5071.90,0,0,111.22,52,0,320,2021-12-16
FXDEETF,IE00BD3QJN10,RUB,118,1,29.535,3485.13,0,118,1,29.71,3505.78,0,0,20.65,6,0,124,2022-02-17
FXDMETF,IE00BMDKNM37,RUB,89,1,79.15,7044.35,0,89,1,79.7,7093.30,0,0,48.95,3,0,92,2022-02-17
FXGDETF,IE00B8XB7377,RUB,20,1,94.08,1881.60,0,20,1,96.31,1926.20,0,0,44.60,2,0,22,2022-02-17
FXIMETF,IE00BNC2D728,RUB,37,1,94.89,3510.93,0,37,1,93.67,3465.79,0,0,-45.14,2,0,39,2022-02-17
FXRLETF,IE00BQ1Y6480,RUB,187,1,40.52,7577.24,0,187,1,38.98,7289.26,0,0,-287.98,5,0,192,2022-02-17
FXRUETF,IE00BD5FH213,RUB,30,1,92.19,2765.70,0,30,1,92.1,2763.00,0,0,-2.70,13,0,43,2022-02-17
FXRWETF,IE00BK224M36,RUB,1100,1,1.3044,1434.84,0,1100,1,1.3031,1433.41,0,0,-1.43,35,0,1135,2022-02-17
FXUSETF,IE00BD3QHZ91,RUB,345,1,61.05,21062.25,0,345,1,61.35,21165.75,0,0,103.50,5,0,350,2022-02-17
SBSPETF,RU000A1006W1,RUB,4,1,1783.6,7134.40,0,4,1,1794.2,7176.80,0,0,42.40,1,0,5,2022-02-17
VTBEETF,RU000A100HQ5,RUB,78,1,94.03,7334.34,0,78,1,94.09,7339.02,0,0,4.68,3,0,81,2022-02-17
БПИФбрутто,RU000A0ZZH92,RUB,410,1,18.687,7661.67,0,410,1,18.26,7486.60,0,0,-175.07,7,0,417,2022-02-17
25084,RU000A101FA1,RUB,33,1000,99.195,32734.35,43.23,35,1000,99.2,34720.00,60.9,2,1985.65,0,0,35,2023-04-17
RSHEETF,RU000A100HQ5,RUB,81,1,94.21,7631.01,0,81,1,94.21,7631.01,0,0,0.00,0,0,81,2023-04-17
SBSPETF,RU000A1006W1,RUB,5,1,1719,8595.00,0,5,1,1719,8595.00,0,0,0.00,0,0,5,2023-04-17
БПИФбрутто,RU000A0ZZH92,RUB,680,1,13.933,9474.44,0,680,1,14.2,9656.00,0,0,181.56,70,0,750,2023-04-17
ГАЗПРОМао,RU0007661625,RUB,0,5,178.12,0.00,0,0,5,180.99,0.00,0,0,0.00,10,0,10,2023-04-17
МТС-ао,RU0007775219,RUB,10,0.1,259.3,2593.00,0,10,0.1,262.35,2623.50,0,0,30.50,0,0,10,2023-04-17
Сбербанк,RU0009029540,RUB,10,3,220.16,2201.60,0,10,3,224.81,2248.10,0,0,46.50,0,0,10,2023-04-17
FXDEETF,IE00BD3QJN10,RUB,0,1,3096,0.00,0,0,1,3120,0.00,0,0,0.00,1,0,1,2021-05-17
FXDMETF,IE00BMDKNM37,RUB,0,1,75.79,0.00,0,0,1,75.97,0.00,0,0,0.00,40,0,40,2021-05-17
FXIMETF,IE00BNC2D728,RUB,0,1,83.45,0.00,0,0,1,83.88,0.00,0,0,0.00,20,0,20,2021-05-17
FXRLETF,IE00BQ1Y6480,RUB,0,1,3885,0.00,0,0,1,3885,0.00,0,0,0.00,1,0,1,2021-05-17
FXRUETF,IE00BD5FH213,RUB,0,1,952.1,0.00,0,0,1,953.6,0.00,0,0,0.00,2,0,2,2021-05-17
FXRWETF,IE00BK224M36,RUB,0,1,1.2096,0.00,0,0,1,1.2134,0.00,0,0,0.00,465,0,465,2021-05-17
FXUSETF,IE00BD3QHZ91,RUB,0,1,5593,0.00,0,0,1,5623,0.00,0,0,0.00,1,0,1,2021-05-17
SBSPETF,RU000A1006W1,RUB,0,1,1629.4,0.00,0,0,1,1629.4,0.00,0,0,0.00,2,0,2,2021-05-17
VTBEETF,RU000A100HQ5,RUB,0,1,94.18,0.00,0,0,1,94.03,0.00,0,0,0.00,3,0,3,2021-05-17
БПИФбрутто,RU000A0ZZH92,RUB,0,1,1794.5,0.00,0,0,1,1794,0.00,0,0,0.00,2,0,2,2021-05-17
FXDEETF,IE00BD3QJN10,RUB,100,1,30.59,3059.00,0,100,1,30.455,3045.50,0,0,-13.50,0,0,100,2021-09-17
FXDMETF,IE00BMDKNM37,RUB,40,1,77.03,3081.20,0,52,1,77.04,4006.08,0,12,924.88,0,0,52,2021-09-17
FXGDETF,IE00B8XB7377,RUB,1,1,861.6,861.60,0,1,1,860.4,860.40,0,0,-1.20,0,0,1,2021-09-17
FXIMETF,IE00BNC2D728,RUB,20,1,96.33,1926.60,0,23,1,95.97,2207.31,0,3,280.71,0,0,23,2021-09-17
FXRLETF,IE00BQ1Y6480,RUB,1,1,4424,4424.00,0,1,1,4404.5,4404.50,0,0,-19.50,0,0,1,2021-09-17
FXRUETF,IE00BD5FH213,RUB,3,1,945.2,2835.60,0,3,1,946.6,2839.80,0,0,4.20,0,0,3,2021-09-17
FXRWETF,IE00BK224M36,RUB,465,1,1.3157,611.80,0,800,1,1.3127,1050.16,0,335,438.36,0,0,800,2021-09-17
FXUSETF,IE00BD3QHZ91,RUB,3,1,5975,17925.00,0,3,1,5974,17922.00,0,0,-3.00,0,0,3,2021-09-17
SBSPETF,RU000A1006W1,RUB,2,1,1723.8,3447.60,0,2,1,1722.8,3445.60,0,0,-2.00,0,0,2,2021-09-17
VTBEETF,RU000A100HQ5,RUB,36,1,92.27,3321.72,0,50,1,92.27,4613.50,0,14,1291.78,0,0,50,2021-09-17
БПИФбрутто,RU000A0ZZH92,RUB,240,1,20.487,4916.88,0,240,1,20.342,4882.08,0,0,-34.80,0,0,240,2021-09-17
FXDEETF,IE00BD3QJN10,RUB,100,1,29.465,2946.50,0,103,1,29.18,3005.54,0,3,59.04,0,0,103,2021-12-17
FXDMETF,IE00BMDKNM37,RUB,70,1,77.37,5415.90,0,78,1,77.36,6034.08,0,8,618.18,0,0,78,2021-12-17
FXGDETF,IE00B8XB7377,RUB,2,1,880.8,1761.60,0,2,1,895,1790.00,0,0,28.40,0,0,2,2021-12-17
FXIMETF,IE00BNC2D728,RUB,30,1,103.1,3093.00,0,30,1,99.26,2977.80,0,0,-115.20,0,0,30,2021-12-17
FXRLETF,IE00BQ1Y6480,RUB,135,1,41.015,5537.03,0,150,1,40.855,6128.25,0,15,591.22,0,0,150,2021-12-17
FXRUETF,IE00BD5FH213,RUB,3,1,935.4,2806.20,0,3,1,937.9,2813.70,0,0,7.50,0,0,3,2021-12-17
FXRWETF,IE00BK224M36,RUB,800,1,1.3418,1073.44,0,900,1,1.3246,1192.14,0,100,118.70,0,0,900,2021-12-17
FXUSETF,IE00BD3QHZ91,RUB,300,1,63.61,19083.00,0,300,1,62.53,18759.00,0,0,-324.00,0,0,300,2021-12-17
SBSPETF,RU000A1006W1,RUB,3,1,1845.4,5536.20,0,3,1,1826.4,5479.20,0,0,-57.00,0,0,3,2021-12-17
VTBEETF,RU000A100HQ5,RUB,63,1,90.06,5673.78,0,67,1,89.08,5968.36,0,4,294.58,0,0,67,2021-12-17
БПИФбрутто,RU000A0ZZH92,RUB,268,1,18.925,5071.90,0,320,1,18.853,6032.96,0,52,961.06,0,0,320,2021-12-17
FXDEETF,IE00BD3QJN10,RUB,118,1,29.71,3505.78,0,118,1,29.465,3476.87,0,0,-28.91,6,0,124,2022-02-18
FXDMETF,IE00BMDKNM37,RUB,89,1,79.7,7093.30,0,89,1,79.52,7077.28,0,0,-16.02,3,0,92,2022-02-18
FXGDETF,IE00B8XB7377,RUB,20,1,96.31,1926.20,0,20,1,96.79,1935.80,0,0,9.60,2,0,22,2022-02-18
FXIMETF,IE00BNC2D728,RUB,37,1,93.67,3465.79,0,37,1,92.19,3411.03,0,0,-54.76,2,0,39,2022-02-18
FXRLETF,IE00BQ1Y6480,RUB,187,1,38.98,7289.26,0,187,1,38.075,7120.03,0,0,-169.23,5,0,192,2022-02-18
FXRUETF,IE00BD5FH213,RUB,30,1,92.1,2763.00,0,30,1,91.94,2758.20,0,0,-4.80,13,0,43,2022-02-18
FXRWETF,IE00BK224M36,RUB,1100,1,1.3031,1433.41,0,1100,1,1.2955,1425.05,0,0,-8.36,35,0,1135,2022-02-18
FXUSETF,IE00BD3QHZ91,RUB,345,1,61.35,21165.75,0,345,1,60.62,20913.90,0,0,-251.85,5,0,350,2022-02-18
SBSPETF,RU000A1006W1,RUB,4,1,1794.2,7176.80,0,4,1,1776.8,7107.20,0,0,-69.60,1,0,5,2022-02-18
VTBEETF,RU000A100HQ5,RUB,78,1,94.09,7339.02,0,78,1,93.77,7314.06,0,0,-24.96,3,0,81,2022-02-18
БПИФбрутто,RU000A0ZZH92,RUB,410,1,18.26,7486.60,0,410,1,17.555,7197.55,0,0,-289.05,7,0,417,2022-02-18
25084,RU000A101FA1,RUB,35,1000,99.2,34720.00,60.9,35,1000,99.204,34721.40,66.15,0,1.40,0,0,35,2023-04-18
RSHEETF,RU000A100HQ5,RUB,81,1,94.21,7631.01,0,81,1,94.21,7631.01,0,0,0.00,0,0,81,2023-04-18
SBSPETF,RU000A1006W1,RUB,5,1,1719,8595.00,0,5,1,1719,8595.00,0,0,0.00,0,0,5,2023-04-18
БПИФбрутто,RU000A0ZZH92,RUB,680,1,14.2,9656.00,0,750,1,14.278,10708.50,0,70,1052.50,0,0,750,2023-04-18
ГАЗПРОМао,RU0007661625,RUB,0,5,180.99,0.00,0,10,5,183.29,1832.90,0,10,1832.90,0,0,10,2023-04-18
МТС-ао,RU0007775219,RUB,10,0.1,262.35,2623.50,0,10,0.1,262.75,2627.50,0,0,4.00,0,0,10,2023-04-18
Сбербанк,RU0009029540,RUB,10,3,224.81,2248.10,0,10,3,229.32,2293.20,0,0,45.10,0,0,10,2023-04-18
FXDEETF,IE00BD3QJN10,RUB,0,1,3120,0.00,0,0,1,3135.5,0.00,0,0,0.00,1,0,1,2021-05-18
FXDMETF,IE00BMDKNM37,RUB,0,1,75.97,0.00,0,0,1,76.81,0.00,0,0,0.00,40,0,40,2021-05-18
FXIMETF,IE00BNC2D728,RUB,0,1,83.88,0.00,0,0,1,83.98,0.00,0,0,0.00,20,0,20,2021-05-18
FXRLETF,IE00BQ1Y6480,RUB,0,1,3885,0.00,0,0,1,3939.5,0.00,0,0,0.00,1,0,1,2021-05-18
FXRUETF,IE00BD5FH213,RUB,0,1,953.6,0.00,0,0,1,951.7,0.00,0,0,0.00,2,0,2,2021-05-18
FXRWETF,IE00BK224M36,RUB,0,1,1.2134,0.00,0,0,1,1.2243,0.00,0,0,0.00,465,0,465,2021-05-18
FXUSETF,IE00BD3QHZ91,RUB,0,1,5623,0.00,0,0,1,5618,0.00,0,0,0.00,1,0,1,2021-05-18
SBSPETF,RU000A1006W1,RUB,0,1,1629.4,0.00,0,0,1,1631.6,0.00,0,0,0.00,2,0,2,2021-05-18
VTBEETF,RU000A100HQ5,RUB,0,1,94.03,0.00,0,0,1,95.69,0.00,0,0,0.00,3,0,3,2021-05-18
БПИФбрутто,RU000A0ZZH92,RUB,0,1,1794,0.00,0,0,1,1819,0.00,0,0,0.00,2,0,2,2021-05-18
FXDEETF,IE00BD3QJN10,RUB,1,1,3094,3094.00,0,1,1,3061,3061.00,0,0,-33.00,0,0,1,2021-06-18
FXDMETF,IE00BMDKNM37,RUB,40,1,76.77,3070.80,0,40,1,75.88,3035.20,0,0,-35.60,0,0,40,2021-06-18
FXGDETF,IE00B8XB7377,RUB,0,1,877.8,0.00,0,0,1,870.8,0.00,0,0,0.00,1,0,1,2021-06-18
FXIMETF,IE00BNC2D728,RUB,20,1,86.12,1722.40,0,20,1,87.07,1741.40,0,0,19.00,0,0,20,2021-06-18
FXRLETF,IE00BQ1Y6480,RUB,1,1,4086.5,4086.50,0,1,1,4072,4072.00,0,0,-14.50,0,0,1,2021-06-18
FXRUETF,IE00BD5FH213,RUB,2,1,937.5,1875.00,0,2,1,938.2,1876.40,0,0,1.40,1,0,3,2021-06-18
FXRWETF,IE00BK224M36,RUB,465,1,1.259,585.44,0,465,1,1.2574,584.69,0,0,-0.75,0,0,465,2021-06-18
FXUSETF,IE00BD3QHZ91,RUB,3,1,5593,16779.00,0,3,1,5580,16740.00,0,0,-39.00,0,0,3,2021-06-18
SBSPETF,RU000A1006W1,RUB,2,1,1621,3242.00,0,2,1,1618.4,3236.80,0,0,-5.20,0,0,2,2021-06-18
VTBEETF,RU000A100HQ5,RUB,3,1,95.74,287.22,0,3,1,95.75,287.25,0,0,0.03,0,0,3,2021-06-18
БПИФбрутто,RU000A0ZZH92,RUB,240,1,18.948,4547.52,0,240,1,18.779,4506.96,0,0,-40.56,0,0,240,2021-06-18
FXDEETF,IE00BD3QJN10,RUB,0,1,3135.5,0.00,0,1,1,3079.5,3079.50,0,1,3079.50,0,0,1,2021-05-19
FXDMETF,IE00BMDKNM37,RUB,0,1,76.81,0.00,0,40,1,75.65,3026.00,0,40,3026.00,0,0,40,2021-05-19
FXIMETF,IE00BNC2D728,RUB,0,1,83.98,0.00,0,20,1,81.81,1636.20,0,20,1636.20,0,0,20,2021-05-19
FXRLETF,IE00BQ1Y6480,RUB,0,1,3939.5,0.00,0,1,1,3899,3899.00,0,1,3899.00,0,0,1,2021-05-19
FXRUETF,IE00BD5FH213,RUB,0,1,951.7,0.00,0,2,1,951.1,1902.20,0,2,1902.20,0,0,2,2021-05-19
FXRWETF,IE00BK224M36,RUB,0,1,1.2243,0.00,0,465,1,1.2079,561.67,0,465,561.67,0,0,465,2021-05-19
FXUSETF,IE00BD3QHZ91,RUB,0,1,5618,0.00,0,1,1,5506,5506.00,0,1,5506.00,0,0,1,2021-05-19
SBSPETF,RU000A1006W1,RUB,0,1,1631.6,0.00,0,2,1,1603.4,3206.80,0,2,3206.80,0,0,2,2021-05-19
VTBEETF,RU000A100HQ5,RUB,0,1,95.69,0.00,0,3,1,94.72,284.16,0,3,284.16,0,0,3,2021-05-19
БПИФбрутто,RU000A0ZZH92,RUB,0,1,1819,0.00,0,2,1,1789,3578.00,0,2,3578.00,0,0,2,2021-05-19
FXDEETF,IE00BD3QJN10,RUB,1,1,3118,3118.00,0,1,1,3046,3046.00,0,0,-72.00,0,0,1,2021-07-19
FXDMETF,IE00BMDKNM37,RUB,40,1,77.2,3088.00,0,40,1,75.83,3033.20,0,0,-54.80,0,0,40,2021-07-19
FXGDETF,IE00B8XB7377,RUB,1,1,909.8,909.80,0,1,1,905.6,905.60,0,0,-4.20,0,0,1,2021-07-19
FXIMETF,IE00BNC2D728,RUB,20,1,93.95,1879.00,0,20,1,92.37,1847.40,0,0,-31.60,0,0,20,2021-07-19
FXRLETF,IE00BQ1Y6480,RUB,1,1,4118.5,4118.50,0,1,1,4050,4050.00,0,0,-68.50,0,0,1,2021-07-19
FXRUETF,IE00BD5FH213,RUB,3,1,959.4,2878.20,0,3,1,961.9,2885.70,0,0,7.50,0,0,3,2021-07-19
FXRWETF,IE00BK224M36,RUB,465,1,1.2837,596.92,0,465,1,1.2635,587.53,0,0,-9.39,0,0,465,2021-07-19
FXUSETF,IE00BD3QHZ91,RUB,3,1,5948,17844.00,0,3,1,5869,17607.00,0,0,-237.00,0,0,3,2021-07-19
SBSPETF,RU000A1006W1,RUB,2,1,1719.6,3439.20,0,2,1,1693.2,3386.40,0,0,-52.80,0,0,2,2021-07-19
VTBEETF,RU000A100HQ5,RUB,3,1,97.95,293.85,0,3,1,95.94,287.82,0,0,-6.03,33,0,36,2021-07-19
БПИФбрутто,RU000A0ZZH92,RUB,240,1,19.114,4587.36,0,240,1,18.743,4498.32,0,0,-89.04,0,0,240,2021-07-19
FXDEETF,IE00BD3QJN10,RUB,1,1,3046,3046.00,0,1,1,3046,3046.00,0,0,0.00,0,0,1,2021-07-20
FXDMETF,IE00BMDKNM37,RUB,40,1,75.83,3033.20,0,40,1,75.66,3026.40,0,0,-6.80,0,0,40,2021-07-20
FXGDETF,IE00B8XB7377,RUB,1,1,905.6,905.60,0,1,1,911.6,911.60,0,0,6.00,0,0,1,2021-07-20
FXIMETF,IE00BNC2D728,RUB,20,1,92.37,1847.40,0,20,1,92.2,1844.00,0,0,-3.40,0,0,20,2021-07-20
FXRLETF,IE00BQ1Y6480,RUB,1,1,4050,4050.00,0,1,1,4037,4037.00,0,0,-13.00,0,0,1,2021-07-20
FXRUETF,IE00BD5FH213,RUB,3,1,961.9,2885.70,0,3,1,963,2889.00,0,0,3.30,0,0,3,2021-07-20
FXRWETF,IE00BK224M36,RUB,465,1,1.2635,587.53,0,465,1,1.2629,587.25,0,0,-0.28,0,0,465,2021-07-20
FXUSETF,IE00BD3QHZ91,RUB,3,1,5869,17607.00,0,3,1,5869,17607.00,0,0,0.00,0,0,3,2021-07-20
SBSPETF,RU000A1006W1,RUB,2,1,1693.2,3386.40,0,2,1,1696.4,3392.80,0,0,6.40,0,0,2,2021-07-20
VTBEETF,RU000A100HQ5,RUB,3,1,95.94,287.82,0,3,1,95.91,287.73,0,0,-0.09,33,0,36,2021-07-20
БПИФбрутто,RU000A0ZZH92,RUB,240,1,18.743,4498.32,0,240,1,18.695,4486.80,0,0,-11.52,0,0,240,2021-07-20
FXDEETF,IE00BD3QJN10,RUB,118,1,29.465,3476.87,0,124,1,29.5,3658.00,0,6,181.13,0,0,124,2022-02-21
FXDMETF,IE00BMDKNM37,RUB,89,1,79.52,7077.28,0,92,1,80.39,7395.88,0,3,318.60,0,0,92,2022-02-21
FXGDETF,IE00B8XB7377,RUB,20,1,96.79,1935.80,0,22,1,99.19,2182.18,0,2,246.38,0,0,22,2022-02-21
FXIMETF,IE00BNC2D728,RUB,37,1,92.19,3411.03,0,39,1,91.25,3558.75,0,2,147.72,0,0,39,2022-02-21
FXRLETF,IE00BQ1Y6480,RUB,187,1,38.075,7120.03,0,192,1,34.705,6663.36,0,5,-456.67,0,0,192,2022-02-21
FXRUETF,IE00BD5FH213,RUB,30,1,91.94,2758.20,0,43,1,93.19,4007.17,0,13,1248.97,0,0,43,2022-02-21
FXRWETF,IE00BK224M36,RUB,1100,1,1.2955,1425.05,0,1135,1,1.2714,1443.04,0,35,17.99,0,0,1135,2022-02-21
FXUSETF,IE00BD3QHZ91,RUB,345,1,60.62,20913.90,0,350,1,61.1,21385.00,0,5,471.10,0,0,350,2022-02-21
SBSPETF,RU000A1006W1,RUB,4,1,1776.8,7107.20,0,5,1,1787.2,8936.00,0,1,1828.80,0,0,5,2022-02-21
VTBEETF,RU000A100HQ5,RUB,78,1,93.77,7314.06,0,81,1,93.84,7601.04,0,3,286.98,0,0,81,2022-02-21
БПИФбрутто,RU000A0ZZH92,RUB,410,1,17.555,7197.55,0,417,1,16.16,6738.72,0,7,-458.83,0,0,417,2022-02-21
FXDEETF,IE00BD3QJN10,RUB,1,1,3061,3061.00,0,1,1,3067,3067.00,0,0,6.00,0,0,1,2021-06-21
FXDMETF,IE00BMDKNM37,RUB,40,1,75.88,3035.20,0,40,1,75.75,3030.00,0,0,-5.20,0,0,40,2021-06-21
FXGDETF,IE00B8XB7377,RUB,0,1,870.8,0.00,0,0,1,877.8,0.00,0,0,0.00,1,0,1,2021-06-21
FXIMETF,IE00BNC2D728,RUB,20,1,87.07,1741.40,0,20,1,86.69,1733.80,0,0,-7.60,0,0,20,2021-06-21
FXRLETF,IE00BQ1Y6480,RUB,1,1,4072,4072.00,0,1,1,4077.5,4077.50,0,0,5.50,0,0,1,2021-06-21
FXRUETF,IE00BD5FH213,RUB,2,1,938.2,1876.40,0,2,1,946.2,1892.40,0,0,16.00,1,0,3,2021-06-21
FXRWETF,IE00BK224M36,RUB,465,1,1.2574,584.69,0,465,1,1.2545,583.34,0,0,-1.35,0,0,465,2021-06-21
FXUSETF,IE00BD3QHZ91,RUB,3,1,5580,16740.00,0,3,1,5625,16875.00,0,0,135.00,0,0,3,2021-06-21
SBSPETF,RU000A1006W1,RUB,2,1,1618.4,3236.80,0,2,1,1618,3236.00,0,0,-0.80,0,0,2,2021-06-21
VTBEETF,RU000A100HQ5,RUB,3,1,95.75,287.25,0,3,1,95.46,286.38,0,0,-0.87,0,0,3,2021-06-21
БПИФбрутто,RU000A0ZZH92,RUB,240,1,18.779,4506.96,0,240,1,18.847,4523.28,0,0,16.32,0,0,240,2021-06-21
FXDEETF,IE00BD3QJN10,RUB,1,1,3046,3046.00,0,1,1,3060,3060.00,0,0,14.00,0,0,1,2021-07-21
FXDMETF,IE00BMDKNM37,RUB,40,1,75.66,3026.40,0,40,1,76.21,3048.40,0,0,22.00,0,0,40,2021-07-21
FXGDETF,IE00B8XB7377,RUB,1,1,911.6,911.60,0,1,1,902.4,902.40,0,0,-9.20,0,0,1,2021-07-21
FXIMETF,IE00BNC2D728,RUB,20,1,92.2,1844.00,0,20,1,93.62,1872.40,0,0,28.40,0,0,20,2021-07-21
FXRLETF,IE00BQ1Y6480,RUB,1,1,4037,4037.00,0,1,1,4057.5,4057.50,0,0,20.50,0,0,1,2021-07-21
FXRUETF,IE00BD5FH213,RUB,3,1,963,2889.00,0,3,1,961.2,2883.60,0,0,-5.40,0,0,3,2021-07-21
FXRWETF,IE00BK224M36,RUB,465,1,1.2629,587.25,0,465,1,1.2703,590.69,0,0,3.44,0,0,465,2021-07-21
FXUSETF,IE00BD3QHZ91,RUB,3,1,5869,17607.00,0,3,1,5947,17841.00,0,0,234.00,0,0,3,2021-07-21
SBSPETF,RU000A1006W1,RUB,2,1,1696.4,3392.80,0,2,1,1713.2,3426.40,0,0,33.60,0,0,2,2021-07-21
VTBEETF,RU000A100HQ5,RUB,3,1,95.91,287.73,0,36,1,95.87,3451.32,0,33,3163.59,0,0,36,2021-07-21
БПИФбрутто,RU000A0ZZH92,RUB,240,1,18.695,4486.80,0,240,1,18.799,4511.76,0,0,24.96,0,0,240,2021-07-21
FXDEETF,IE00BD3QJN10,RUB,1,1,3067,3067.00,0,1,1,3095,3095.00,0,0,28.00,0,0,1,2021-06-22
FXDMETF,IE00BMDKNM37,RUB,40,1,75.75,3030.00,0,40,1,76.42,3056.80,0,0,26.80,0,0,40,2021-06-22
FXGDETF,IE00B8XB7377,RUB,0,1,877.8,0.00,0,1,1,879.6,879.60,0,1,879.60,0,0,1,2021-06-22
FXIMETF,IE00BNC2D728,RUB,20,1,86.69,1733.80,0,20,1,88.75,1775.00,0,0,41.20,0,0,20,2021-06-22
FXRLETF,IE00BQ1Y6480,RUB,1,1,4077.5,4077.50,0,1,1,4102.5,4102.50,0,0,25.00,0,0,1,2021-06-22
FXRUETF,IE00BD5FH213,RUB,2,1,946.2,1892.40,0,3,1,946.5,2839.50,0,1,947.10,0,0,3,2021-06-22
FXRWETF,IE00BK224M36,RUB,465,1,1.2545,583.34,0,465,1,1.2578,584.88,0,0,1.54,0,0,465,2021-06-22
FXUSETF,IE00BD3QHZ91,RUB,3,1,5625,16875.00,0,3,1,5686,17058.00,0,0,183.00,0,0,3,2021-06-22
SBSPETF,RU000A1006W1,RUB,2,1,1618,3236.00,0,2,1,1641.8,3283.60,0,0,47.60,0,0,2,2021-06-22
VTBEETF,RU000A100HQ5,RUB,3,1,95.46,286.38,0,3,1,96.26,288.78,0,0,2.40,0,0,3,2021-06-22
БПИФбрутто,RU000A0ZZH92,RUB,240,1,18.847,4523.28,0,240,1,18.956,4549.44,0,0,26.16,0,0,240,2021-06-22
25084,RU000A101FA1,RUB,0,1000,98.539,0.00,0,0,1000,98.539,0.00,0,0,0.00,30,0,30,2022-12-22
RSHEETF,RU000A100HQ5,RUB,81,1,94.21,7631.01,0,81,1,94.21,7631.01,0,0,0.00,0,0,81,2022-12-22
SBSPETF,RU000A1006W1,RUB,5,1,1719,8595.00,0,5,1,1719,8595.00,0,0,0.00,0,0,5,2022-12-22
БПИФбрутто,RU000A0ZZH92,RUB,417,1,11.576,4827.19,0,417,1,11.595,4835.12,0,0,7.93,0,0,417,2022-12-22
25084,RU000A101FA1,RUB,35,1000,99.494,34822.90,396.55,35,1000,99.56,34846.00,401.45,0,23.10,0,0,35,2023-06-23
RSHEETF,RU000A100HQ5,RUB,81,1,94.21,7631.01,0,81,1,94.21,7631.01,0,0,0.00,0,0,81,2023-06-23
SBSPETF,RU000A1006W1,RUB,5,1,1719,8595.00,0,5,1,1719,8595.00,0,0,0.00,0,0,5,2023-06-23
YandexclA,NL0009805522,RUB,1,0.01,2514,2514.00,0,1,0.01,2442.4,2442.40,0,0,-71.60,0,0,1,2023-06-23
БПИФбрутто,RU000A0ZZH92,RUB,830,1,15.963,13249.29,0,830,1,15.801,13114.83,0,0,-134.46,0,0,830,2023-06-23
ГАЗПРОМао,RU0007661625,RUB,30,5,170.02,5100.60,0,30,5,167.75,5032.50,0,0,-68.10,0,0,30,2023-06-23
ЛУКОЙЛ,RU0009024277,RUB,1,0.025,5147,5147.00,0,1,0.025,5100,5100.00,0,0,-47.00,0,0,1,2023-06-23
Магнитао,RU000A0JKQU8,RUB,1,0.01,4958,4958.00,0,1,0.01,4882.5,4882.50,0,0,-75.50,0,0,1,2023-06-23
МТС-ао,RU0007775219,RUB,10,0.1,346,3460.00,0,10,0.1,344.45,3444.50,0,0,-15.50,10,0,20,2023-06-23
Сбербанк,RU0009029540,RUB,30,3,241.85,7255.50,0,30,3,239.79,7193.70,0,0,-61.80,0,0,30,2023-06-23
25084,RU000A101FA1,RUB,0,1000,98.539,0.00,0,30,1000,98.496,29548.80,344.1,30,29548.80,0,0,30,2022-12-23
RSHEETF,RU000A100HQ5,RUB,81,1,94.21,7631.01,0,81,1,94.21,7631.01,0,0,0.00,0,0,81,2022-12-23
SBSPETF,RU000A1006W1,RUB,5,1,1719,8595.00,0,5,1,1719,8595.00,0,0,0.00,0,0,5,2022-12-23
БПИФбрутто,RU000A0ZZH92,RUB,417,1,11.595,4835.12,0,417,1,11.62,4845.54,0,0,10.42,53,0,470,2022-12-23
FXDEETF,IE00BD3QJN10,RUB,118,1,30.39,3586.02,0,118,1,30.23,3567.14,0,0,-18.88,0,0,118,2022-01-24
FXDMETF,IE00BMDKNM37,RUB,89,1,81.57,7259.73,0,89,1,81.39,7243.71,0,0,-16.02,0,0,89,2022-01-24
FXGDETF,IE00B8XB7377,RUB,2,1,946.6,1893.20,0,2,1,968,1936.00,0,0,42.80,0,0,2,2022-01-24
FXIMETF,IE00BNC2D728,RUB,30,1,96.02,2880.60,0,30,1,93.89,2816.70,0,0,-63.90,7,0,37,2022-01-24
FXRLETF,IE00BQ1Y6480,RUB,170,1,38.3,6511.00,0,170,1,35.92,6106.40,0,0,-404.60,17,0,187,2022-01-24
FXRUETF,IE00BD5FH213,RUB,3,1,939.8,2819.40,0,3,1,958.1,2874.30,0,0,54.90,0,0,3,2022-01-24
FXRWETF,IE00BK224M36,RUB,1035,1,1.3073,1353.06,0,1035,1,1.2803,1325.11,0,0,-27.95,65,0,1100,2022-01-24
FXUSETF,IE00BD3QHZ91,RUB,300,1,62.17,18651.00,0,300,1,62,18600.00,0,0,-51.00,45,0,345,2022-01-24
SBSPETF,RU000A1006W1,RUB,4,1,1825.2,7300.80,0,4,1,1811.8,7247.20,0,0,-53.60,0,0,4,2022-01-24
VTBEETF,RU000A100HQ5,RUB,78,1,95.44,7444.32,0,78,1,94.15,7343.70,0,0,-100.62,0,0,78,2022-01-24
БПИФбрутто,RU000A0ZZH92,RUB,370,1,17.681,6541.97,0,370,1,16.748,6196.76,0,0,-345.21,40,0,410,2022-01-24
FXDEETF,IE00BD3QJN10,RUB,100,1,30.04,3004.00,0,100,1,29.95,2995.00,0,0,-9.00,0,0,100,2021-11-24
FXDMETF,IE00BMDKNM37,RUB,70,1,79.14,5539.80,0,70,1,78.85,5519.50,0,0,-20.30,0,0,70,2021-11-24
FXGDETF,IE00B8XB7377,RUB,2,1,901.8,1803.60,0,2,1,896.4,1792.80,0,0,-10.80,0,0,2,2021-11-24
FXIMETF,IE00BNC2D728,RUB,23,1,101.63,2337.49,0,23,1,102.73,2362.79,0,0,25.30,7,0,30,2021-11-24
FXRLETF,IE00BQ1Y6480,RUB,100,1,43.085,4308.50,0,100,1,43.45,4345.00,0,0,36.50,35,0,135,2021-11-24
FXRUETF,IE00BD5FH213,RUB,3,1,956.8,2870.40,0,3,1,955,2865.00,0,0,-5.40,0,0,3,2021-11-24
FXRWETF,IE00BK224M36,RUB,800,1,1.354,1083.20,0,800,1,1.3492,1079.36,0,0,-3.84,0,0,800,2021-11-24
FXUSETF,IE00BD3QHZ91,RUB,300,1,63.87,19161.00,0,300,1,64.03,19209.00,0,0,48.00,0,0,300,2021-11-24
SBSPETF,RU000A1006W1,RUB,3,1,1857.8,5573.40,0,3,1,1854,5562.00,0,0,-11.40,0,0,3,2021-11-24
VTBEETF,RU000A100HQ5,RUB,50,1,92.4,4620.00,0,50,1,92.81,4640.50,0,0,20.50,13,0,63,2021-11-24
БПИФбрутто,RU000A0ZZH92,RUB,240,1,19.721,4733.04,0,240,1,20.036,4808.64,0,0,75.60,28,0,268,2021-11-24
FXDEETF,IE00BD3QJN10,RUB,118,1,30.23,3567.14,0,118,1,30.01,3541.18,0,0,-25.96,0,0,118,2022-01-25
FXDMETF,IE00BMDKNM37,RUB,89,1,81.39,7243.71,0,89,1,80.21,7138.69,0,0,-105.02,0,0,89,2022-01-25
FXGDETF,IE00B8XB7377,RUB,2,1,968,1936.00,0,2,1,973.4,1946.80,0,0,10.80,0,0,2,2022-01-25
FXIMETF,IE00BNC2D728,RUB,30,1,93.89,2816.70,0,30,1,94.13,2823.90,0,0,7.20,7,0,37,2022-01-25
FXRLETF,IE00BQ1Y6480,RUB,170,1,35.92,6106.40,0,170,1,36.215,6156.55,0,0,50.15,17,0,187,2022-01-25
FXRUETF,IE00BD5FH213,RUB,3,1,958.1,2874.30,0,3,1,937.9,2813.70,0,0,-60.60,0,0,3,2022-01-25
FXRWETF,IE00BK224M36,RUB,1035,1,1.2803,1325.11,0,1035,1,1.2686,1313.00,0,0,-12.11,65,0,1100,2022-01-25
FXUSETF,IE00BD3QHZ91,RUB,300,1,62,18600.00,0,300,1,62.03,18609.00,0,0,9.00,45,0,345,2022-01-25
SBSPETF,RU000A1006W1,RUB,4,1,1811.8,7247.20,0,4,1,1815.8,7263.20,0,0,16.00,0,0,4,2022-01-25
VTBEETF,RU000A100HQ5,RUB,78,1,94.15,7343.70,0,78,1,94.05,7335.90,0,0,-7.80,0,0,78,2022-01-25
БПИФбрутто,RU000A0ZZH92,RUB,370,1,16.748,6196.76,0,370,1,16.826,6225.62,0,0,28.86,40,0,410,2022-01-25
SBSPETF,RU000A1006W1,RUB,5,1,1774.6,8873.00,0,5,1,1774.6,8873.00,0,0,0.00,0,0,5,2022-04-25
VTBEETF,RU000A100HQ5,RUB,81,1,91.24,7390.44,0,81,1,91.24,7390.44,0,0,0.00,0,0,81,2022-04-25
БПИФбрутто,RU000A0ZZH92,RUB,417,1,11.321,4720.86,0,417,1,11.078,4619.53,0,0,-101.33,0,0,417,2022-04-25
FXDEETF,IE00BD3QJN10,RUB,1,1,3146,3146.00,0,1,1,3123,3123.00,0,0,-23.00,0,0,1,2021-05-25
FXDMETF,IE00BMDKNM37,RUB,40,1,77.21,3088.40,0,40,1,77.18,3087.20,0,0,-1.20,0,0,40,2021-05-25
FXIMETF,IE00BNC2D728,RUB,20,1,84.67,1693.40,0,20,1,85.8,1716.00,0,0,22.60,0,0,20,2021-05-25
FXRLETF,IE00BQ1Y6480,RUB,1,1,3912.5,3912.50,0,1,1,3934.5,3934.50,0,0,22.00,0,0,1,2021-05-25
FXRUETF,IE00BD5FH213,RUB,2,1,952.2,1904.40,0,2,1,950,1900.00,0,0,-4.40,0,0,2,2021-05-25
FXRWETF,IE00BK224M36,RUB,465,1,1.23,571.95,0,465,1,1.2394,576.32,0,0,4.37,0,0,465,2021-05-25
FXUSETF,IE00BD3QHZ91,RUB,1,1,5632,5632.00,0,1,1,5655,5655.00,0,0,23.00,1,0,2,2021-05-25
SBSPETF,RU000A1006W1,RUB,2,1,1639.6,3279.20,0,2,1,1643.6,3287.20,0,0,8.00,0,0,2,2021-05-25
VTBEETF,RU000A100HQ5,RUB,3,1,94.97,284.91,0,3,1,96.26,288.78,0,0,3.87,0,0,3,2021-05-25
БПИФбрутто,RU000A0ZZH92,RUB,2,1,1803,3606.00,0,2,1,1815,3630.00,0,0,24.00,0,0,2,2021-05-25
FXDEETF,IE00BD3QJN10,RUB,100,1,29.95,2995.00,0,100,1,29.95,2995.00,0,0,0.00,0,0,100,2021-11-25
FXDMETF,IE00BMDKNM37,RUB,70,1,78.85,5519.50,0,70,1,79.41,5558.70,0,0,39.20,0,0,70,2021-11-25
FXGDETF,IE00B8XB7377,RUB,2,1,896.4,1792.80,0,2,1,898.4,1796.80,0,0,4.00,0,0,2,2021-11-25
FXIMETF,IE00BNC2D728,RUB,23,1,102.73,2362.79,0,23,1,102.75,2363.25,0,0,0.46,7,0,30,2021-11-25
FXRLETF,IE00BQ1Y6480,RUB,100,1,43.45,4345.00,0,100,1,43.215,4321.50,0,0,-23.50,35,0,135,2021-11-25
FXRUETF,IE00BD5FH213,RUB,3,1,955,2865.00,0,3,1,950.8,2852.40,0,0,-12.60,0,0,3,2021-11-25
FXRWETF,IE00BK224M36,RUB,800,1,1.3492,1079.36,0,800,1,1.3547,1083.76,0,0,4.40,0,0,800,2021-11-25
FXUSETF,IE00BD3QHZ91,RUB,300,1,64.03,19209.00,0,300,1,64.47,19341.00,0,0,132.00,0,0,300,2021-11-25
SBSPETF,RU000A1006W1,RUB,3,1,1854,5562.00,0,3,1,1869,5607.00,0,0,45.00,0,0,3,2021-11-25
VTBEETF,RU000A100HQ5,RUB,50,1,92.81,4640.50,0,50,1,92.91,4645.50,0,0,5.00,13,0,63,2021-11-25
БПИФбрутто,RU000A0ZZH92,RUB,240,1,20.036,4808.64,0,240,1,20.031,4807.44,0,0,-1.20,28,0,268,2021-11-25
FXDEETF,IE00BD3QJN10,RUB,118,1,30.01,3541.18,0,118,1,30.84,3639.12,0,0,97.94,0,0,118,2022-01-26
FXDMETF,IE00BMDKNM37,RUB,89,1,80.21,7138.69,0,89,1,82.33,7327.37,0,0,188.68,0,0,89,2022-01-26
FXGDETF,IE00B8XB7377,RUB,2,1,973.4,1946.80,0,2,1,979.4,1958.80,0,0,12.00,0,0,2,2022-01-26
FXIMETF,IE00BNC2D728,RUB,30,1,94.13,2823.90,0,37,1,96.83,3582.71,0,7,758.81,0,0,37,2022-01-26
FXRLETF,IE00BQ1Y6480,RUB,170,1,36.215,6156.55,0,187,1,37.005,6919.94,0,17,763.39,0,0,187,2022-01-26
FXRUETF,IE00BD5FH213,RUB,3,1,937.9,2813.70,0,3,1,953.4,2860.20,0,0,46.50,0,0,3,2022-01-26
FXRWETF,IE00BK224M36,RUB,1035,1,1.2686,1313.00,0,1100,1,1.2856,1414.16,0,65,101.16,0,0,1100,2022-01-26
FXUSETF,IE00BD3QHZ91,RUB,300,1,62.03,18609.00,0,345,1,63.06,21755.70,0,45,3146.70,0,0,345,2022-01-26
SBSPETF,RU000A1006W1,RUB,4,1,1815.8,7263.20,0,4,1,1855.2,7420.80,0,0,157.60,0,0,4,2022-01-26
VTBEETF,RU000A100HQ5,RUB,78,1,94.05,7335.90,0,78,1,95.76,7469.28,0,0,133.38,0,0,78,2022-01-26
БПИФбрутто,RU000A0ZZH92,RUB,370,1,16.826,6225.62,0,410,1,17.31,7097.10,0,40,871.48,0,0,410,2022-01-26
FXDEETF,IE00BD3QJN10,RUB,1,1,3123,3123.00,0,1,1,3144.5,3144.50,0,0,21.50,0,0,1,2021-05-26
FXDMETF,IE00BMDKNM37,RUB,40,1,77.18,3087.20,0,40,1,76.85,3074.00,0,0,-13.20,0,0,40,2021-05-26
FXIMETF,IE00BNC2D728,RUB,20,1,85.8,1716.00,0,20,1,85.79,1715.80,0,0,-0.20,0,0,20,2021-05-26
FXRLETF,IE00BQ1Y6480,RUB,1,1,3934.5,3934.50,0,1,1,3961,3961.00,0,0,26.50,0,0,1,2021-05-26
FXRUETF,IE00BD5FH213,RUB,2,1,950,1900.00,0,2,1,951.9,1903.80,0,0,3.80,0,0,2,2021-05-26
FXRWETF,IE00BK224M36,RUB,465,1,1.2394,576.32,0,465,1,1.2427,577.86,0,0,1.54,0,0,465,2021-05-26
FXUSETF,IE00BD3QHZ91,RUB,1,1,5655,5655.00,0,1,1,5654,5654.00,0,0,-1.00,1,0,2,2021-05-26
SBSPETF,RU000A1006W1,RUB,2,1,1643.6,3287.20,0,2,1,1641.4,3282.80,0,0,-4.40,0,0,2,2021-05-26
VTBEETF,RU000A100HQ5,RUB,3,1,96.26,288.78,0,3,1,96.49,289.47,0,0,0.69,0,0,3,2021-05-26
БПИФбрутто,RU000A0ZZH92,RUB,2,1,1815,3630.00,0,2,1,1826.5,3653.00,0,0,23.00,0,0,2,2021-05-26
25084,RU000A101FA1,RUB,35,1000,99.273,34745.55,254.1,35,1000,99.283,34749.05,259.35,0,3.50,0,0,35,2023-05-26
RSHEETF,RU000A100HQ5,RUB,81,1,94.21,7631.01,0,81,1,94.21,7631.01,0,0,0.00,0,0,81,2023-05-26
SBSPETF,RU000A1006W1,RUB,5,1,1719,8595.00,0,5,1,1719,8595.00,0,0,0.00,0,0,5,2023-05-26
БПИФбрутто,RU000A0ZZH92,RUB,830,1,14.807,12289.81,0,830,1,14.895,12362.85,0,0,73.04,0,0,830,2023-05-26
ГАЗПРОМао,RU0007661625,RUB,20,5,161.5,3230.00,0,20,5,164.12,3282.40,0,0,52.40,10,0,30,2023-05-26
ЛУКОЙЛ,RU0009024277,RUB,1,0.025,5195.5,5195.50,0,1,0.025,5238.5,5238.50,0,0,43.00,0,0,1,2023-05-26
МТС-ао,RU0007775219,RUB,10,0.1,305.6,3056.00,0,10,0.1,306.9,3069.00,0,0,13.00,0,0,10,2023-05-26
Сбербанк,RU0009029540,RUB,20,3,244.71,4894.20,0,20,3,246.35,4927.00,0,0,32.80,0,0,20,2023-05-26
25084,RU000A101FA1,RUB,35,1000,99.56,34846.00,401.45,35,1000,99.492,34822.20,416.85,0,-23.80,0,0,35,2023-06-26
RSHEETF,RU000A100HQ5,RUB,81,1,94.21,7631.01,0,81,1,94.21,7631.01,0,0,0.00,0,0,81,2023-06-26
SBSPETF,RU000A1006W1,RUB,5,1,1719,8595.00,0,5,1,1719,8595.00,0,0,0.00,0,0,5,2023-06-26
YandexclA,NL0009805522,RUB,1,0.01,2442.4,2442.40,0,1,0.01,2407.2,2407.20,0,0,-35.20,0,0,1,2023-06-26
БПИФбрутто,RU000A0ZZH92,RUB,830,1,15.801,13114.83,0,830,1,15.663,13000.29,0,0,-114.54,0,0,830,2023-06-26
ГАЗПРОМао,RU0007661625,RUB,30,5,167.75,5032.50,0,30,5,167.28,5018.40,0,0,-14.10,0,0,30,2023-06-26
ЛУКОЙЛ,RU0009024277,RUB,1,0.025,5100,5100.00,0,1,0.025,5070.5,5070.50,0,0,-29.50,0,0,1,2023-06-26
Магнитао,RU000A0JKQU8,RUB,1,0.01,4882.5,4882.50,0,1,0.01,4807,4807.00,0,0,-75.50,0,0,1,2023-06-26
МТС-ао,RU0007775219,RUB,10,0.1,344.45,3444.50,0,10,0.1,345.4,3454.00,0,0,9.50,10,0,20,2023-06-26
Сбербанк,RU0009029540,RUB,30,3,239.79,7193.70,0,30,3,238.83,7164.90,0,0,-28.80,0,0,30,2023-06-26
FXDEETF,IE00BD3QJN10,RUB,100,1,29.95,2995.00,0,100,1,29.48,2948.00,0,0,-47.00,0,0,100,2021-11-26
FXDMETF,IE00BMDKNM37,RUB,70,1,79.41,5558.70,0,70,1,78.07,5464.90,0,0,-93.80,0,0,70,2021-11-26
FXGDETF,IE00B8XB7377,RUB,2,1,898.4,1796.80,0,2,1,914.4,1828.80,0,0,32.00,0,0,2,2021-11-26
FXIMETF,IE00BNC2D728,RUB,23,1,102.75,2363.25,0,30,1,102.31,3069.30,0,7,706.05,0,0,30,2021-11-26
FXRLETF,IE00BQ1Y6480,RUB,100,1,43.215,4321.50,0,135,1,41.995,5669.33,0,35,1347.83,0,0,135,2021-11-26
FXRUETF,IE00BD5FH213,RUB,3,1,950.8,2852.40,0,3,1,961,2883.00,0,0,30.60,0,0,3,2021-11-26
FXRWETF,IE00BK224M36,RUB,800,1,1.3547,1083.76,0,800,1,1.3317,1065.36,0,0,-18.40,0,0,800,2021-11-26
FXUSETF,IE00BD3QHZ91,RUB,300,1,64.47,19341.00,0,300,1,63.78,19134.00,0,0,-207.00,0,0,300,2021-11-26
SBSPETF,RU000A1006W1,RUB,3,1,1869,5607.00,0,3,1,1852.6,5557.80,0,0,-49.20,0,0,3,2021-11-26
VTBEETF,RU000A100HQ5,RUB,50,1,92.91,4645.50,0,63,1,91.03,5734.89,0,13,1089.39,0,0,63,2021-11-26
БПИФбрутто,RU000A0ZZH92,RUB,240,1,20.031,4807.44,0,268,1,19.457,5214.48,0,28,407.04,0,0,268,2021-11-26
RSHEETF,RU000A100HQ5,RUB,81,1,94.21,7631.01,0,81,1,94.21,7631.01,0,0,0.00,0,0,81,2022-11-26
SBSPETF,RU000A1006W1,RUB,5,1,1719,8595.00,0,5,1,1719,8595.00,0,0,0.00,0,0,5,2022-11-26
БПИФбрутто,RU000A0ZZH92,RUB,417,1,11.721,4887.66,0,417,1,11.721,4887.66,0,0,0.00,0,0,417,2022-11-26
25084,RU000A101FA1,RUB,30,1000,98.496,29548.80,344.1,30,1000,98.496,29548.80,357.3,0,0.00,0,0,30,2022-12-26
RSHEETF,RU000A100HQ5,RUB,81,1,94.21,7631.01,0,81,1,94.21,7631.01,0,0,0.00,0,0,81,2022-12-26
SBSPETF,RU000A1006W1,RUB,5,1,1719,8595.00,0,5,1,1719,8595.00,0,0,0.00,0,0,5,2022-12-26
БПИФбрутто,RU000A0ZZH92,RUB,417,1,11.62,4845.54,0,417,1,11.704,4880.57,0,0,35.03,53,0,470,2022-12-26
25084,RU000A101FA1,RUB,35,1000,99.232,34731.20,106.75,35,1000,99.304,34756.40,111.65,0,25.20,0,0,35,2023-04-27
RSHEETF,RU000A100HQ5,RUB,81,1,94.21,7631.01,0,81,1,94.21,7631.01,0,0,0.00,0,0,81,2023-04-27
SBSPETF,RU000A1006W1,RUB,5,1,1719,8595.00,0,5,1,1719,8595.00,0,0,0.00,0,0,5,2023-04-27
БПИФбрутто,RU000A0ZZH92,RUB,750,1,14.326,10744.50,0,750,1,14.388,10791.00,0,0,46.50,80,0,830,2023-04-27
ГАЗПРОМао,RU0007661625,RUB,10,5,178.88,1788.80,0,10,5,181.61,1816.10,0,0,27.30,10,0,20,2023-04-27
МТС-ао,RU0007775219,RUB,10,0.1,273,2730.00,0,10,0.1,271.45,2714.50,0,0,-15.50,0,0,10,2023-04-27
Сбербанк,RU0009029540,RUB,10,3,235.42,2354.20,0,10,3,238.56,2385.60,0,0,31.40,10,0,20,2023-04-27
FXDEETF,IE00BD3QJN10,RUB,1,1,3144.5,3144.50,0,1,1,3130,3130.00,0,0,-14.50,0,0,1,2021-05-27
FXDMETF,IE00BMDKNM37,RUB,40,1,76.85,3074.00,0,40,1,76.87,3074.80,0,0,0.80,0,0,40,2021-05-27
FXIMETF,IE00BNC2D728,RUB,20,1,85.79,1715.80,0,20,1,85.38,1707.60,0,0,-8.20,0,0,20,2021-05-27
FXRLETF,IE00BQ1Y6480,RUB,1,1,3961,3961.00,0,1,1,3967,3967.00,0,0,6.00,0,0,1,2021-05-27
FXRUETF,IE00BD5FH213,RUB,2,1,951.9,1903.80,0,2,1,952.2,1904.40,0,0,0.60,0,0,2,2021-05-27
FXRWETF,IE00BK224M36,RUB,465,1,1.2427,577.86,0,465,1,1.2406,576.88,0,0,-0.98,0,0,465,2021-05-27
FXUSETF,IE00BD3QHZ91,RUB,1,1,5654,5654.00,0,2,1,5647,11294.00,0,1,5640.00,0,0,2,2021-05-27
SBSPETF,RU000A1006W1,RUB,2,1,1641.4,3282.80,0,2,1,1641,3282.00,0,0,-0.80,0,0,2,2021-05-27
VTBEETF,RU000A100HQ5,RUB,3,1,96.49,289.47,0,3,1,96.82,290.46,0,0,0.99,0,0,3,2021-05-27
БПИФбрутто,RU000A0ZZH92,RUB,2,1,1826.5,3653.00,0,2,1,1834,3668.00,0,0,15.00,0,0,2,2021-05-27
25084,RU000A101FA1,RUB,35,1000,99.492,34822.20,416.85,35,1000,99.518,34831.30,421.75,0,9.10,0,0,35,2023-06-27
RSHEETF,RU000A100HQ5,RUB,81,1,94.21,7631.01,0,81,1,94.21,7631.01,0,0,0.00,0,0,81,2023-06-27
SBSPETF,RU000A1006W1,RUB,5,1,1719,8595.00,0,5,1,1719,8595.00,0,0,0.00,0,0,5,2023-06-27
YandexclA,NL0009805522,RUB,1,0.01,2407.2,2407.20,0,1,0.01,2408.2,2408.20,0,0,1.00,0,0,1,2023-06-27
БПИФбрутто,RU000A0ZZH92,RUB,830,1,15.663,13000.29,0,830,1,15.693,13025.19,0,0,24.90,0,0,830,2023-06-27
ГАЗПРОМао,RU0007661625,RUB,30,5,167.28,5018.40,0,30,5,166.79,5003.70,0,0,-14.70,0,0,30,2023-06-27
ЛУКОЙЛ,RU0009024277,RUB,1,0.025,5070.5,5070.50,0,1,0.025,5128,5128.00,0,0,57.50,0,0,1,2023-06-27
Магнитао,RU000A0JKQU8,RUB,1,0.01,4807,4807.00,0,1,0.01,4828.5,4828.50,0,0,21.50,0,0,1,2023-06-27
МТС-ао,RU0007775219,RUB,10,0.1,345.4,3454.00,0,20,0.1,345.7,6914.00,0,10,3460.00,0,0,20,2023-06-27
Сбербанк,RU0009029540,RUB,30,3,238.83,7164.90,0,30,3,239.77,7193.10,0,0,28.20,0,0,30,2023-06-27
FXDEETF,IE00BD3QJN10,RUB,103,1,29.35,3023.05,0,103,1,29.295,3017.39,0,0,-5.66,15,0,118,2021-12-27
FXDMETF,IE00BMDKNM37,RUB,78,1,77.99,6083.22,0,78,1,78.17,6097.26,0,0,14.04,11,0,89,2021-12-27
FXGDETF,IE00B8XB7377,RUB,2,1,890.4,1780.80,0,2,1,892.2,1784.40,0,0,3.60,0,0,2,2021-12-27
FXIMETF,IE00BNC2D728,RUB,30,1,102.36,3070.80,0,30,1,102.54,3076.20,0,0,5.40,0,0,30,2021-12-27
FXRLETF,IE00BQ1Y6480,RUB,150,1,40.57,6085.50,0,150,1,41.11,6166.50,0,0,81.00,20,0,170,2021-12-27
FXRUETF,IE00BD5FH213,RUB,3,1,933.4,2800.20,0,3,1,932.6,2797.80,0,0,-2.40,0,0,3,2021-12-27
FXRWETF,IE00BK224M36,RUB,900,1,1.3459,1211.31,0,900,1,1.3512,1216.08,0,0,4.77,135,0,1035,2021-12-27
FXUSETF,IE00BD3QHZ91,RUB,300,1,63.32,18996.00,0,300,1,63.31,18993.00,0,0,-3.00,0,0,300,2021-12-27
SBSPETF,RU000A1006W1,RUB,3,1,1843.4,5530.20,0,3,1,1848.6,5545.80,0,0,15.60,1,0,4,2021-12-27
VTBEETF,RU000A100HQ5,RUB,67,1,89.24,5979.08,0,67,1,89.55,5999.85,0,0,20.77,11,0,78,2021-12-27
БПИФбрутто,RU000A0ZZH92,RUB,320,1,18.813,6020.16,0,320,1,19.019,6086.08,0,0,65.92,50,0,370,2021-12-27
25084,RU000A101FA1,RUB,30,1000,98.496,29548.80,357.3,30,1000,98.482,29544.60,361.5,0,-4.20,0,0,30,2022-12-27
RSHEETF,RU000A100HQ5,RUB,81,1,94.21,7631.01,0,81,1,94.21,7631.01,0,0,0.00,0,0,81,2022-12-27
SBSPETF,RU000A1006W1,RUB,5,1,1719,8595.00,0,5,1,1719,8595.00,0,0,0.00,0,0,5,2022-12-27
БПИФбрутто,RU000A0ZZH92,RUB,417,1,11.704,4880.57,0,470,1,11.779,5536.13,0,53,655.56,0,0,470,2022-12-27
25084,RU000A101FA1,RUB,30,1000,98.726,29617.80,631.8,30,1000,98.67,29601.00,636,0,-16.80,0,0,30,2023-02-28
RSHEETF,RU000A100HQ5,RUB,81,1,94.21,7631.01,0,81,1,94.21,7631.01,0,0,0.00,0,0,81,2023-02-28
SBSPETF,RU000A1006W1,RUB,5,1,1719,8595.00,0,5,1,1719,8595.00,0,0,0.00,0,0,5,2023-02-28
БПИФбрутто,RU000A0ZZH92,RUB,470,1,12.237,5751.39,0,470,1,12.356,5807.32,0,0,55.93,0,0,470,2023-02-28
25084,RU000A101FA1,RUB,35,1000,99.304,34756.40,111.65,35,1000,99.303,34756.05,116.9,0,-0.35,0,0,35,2023-04-28
RSHEETF,RU000A100HQ5,RUB,81,1,94.21,7631.01,0,81,1,94.21,7631.01,0,0,0.00,0,0,81,2023-04-28
SBSPETF,RU000A1006W1,RUB,5,1,1719,8595.00,0,5,1,1719,8595.00,0,0,0.00,0,0,5,2023-04-28
БПИФбрутто,RU000A0ZZH92,RUB,750,1,14.388,10791.00,0,750,1,14.361,10770.75,0,0,-20.25,80,0,830,2023-04-28
ГАЗПРОМао,RU0007661625,RUB,10,5,181.61,1816.10,0,10,5,182.39,1823.90,0,0,7.80,10,0,20,2023-04-28
МТС-ао,RU0007775219,RUB,10,0.1,271.45,2714.50,0,10,0.1,272.1,2721.00,0,0,6.50,0,0,10,2023-04-28
Сбербанк,RU0009029540,RUB,10,3,238.56,2385.60,0,10,3,239.83,2398.30,0,0,12.70,10,0,20,2023-04-28
FXDEETF,IE00BD3QJN10,RUB,103,1,29.295,3017.39,0,103,1,29.69,3058.07,0,0,40.68,15,0,118,2021-12-28
FXDMETF,IE00BMDKNM37,RUB,78,1,78.17,6097.26,0,78,1,78.8,6146.40,0,0,49.14,11,0,89,2021-12-28
FXGDETF,IE00B8XB7377,RUB,2,1,892.2,1784.40,0,2,1,897.8,1795.60,0,0,11.20,0,0,2,2021-12-28
FXIMETF,IE00BNC2D728,RUB,30,1,102.54,3076.20,0,30,1,103.77,3113.10,0,0,36.90,0,0,30,2021-12-28
FXRLETF,IE00BQ1Y6480,RUB,150,1,41.11,6166.50,0,150,1,41.7,6255.00,0,0,88.50,20,0,170,2021-12-28
FXRUETF,IE00BD5FH213,RUB,3,1,932.6,2797.80,0,3,1,935.1,2805.30,0,0,7.50,0,0,3,2021-12-28
FXRWETF,IE00BK224M36,RUB,900,1,1.3512,1216.08,0,900,1,1.3641,1227.69,0,0,11.61,135,0,1035,2021-12-28
FXUSETF,IE00BD3QHZ91,RUB,300,1,63.31,18993.00,0,300,1,64.46,19338.00,0,0,345.00,0,0,300,2021-12-28
SBSPETF,RU000A1006W1,RUB,3,1,1848.6,5545.80,0,3,1,1873.6,5620.80,0,0,75.00,1,0,4,2021-12-28
VTBEETF,RU000A100HQ5,RUB,67,1,89.55,5999.85,0,67,1,90.25,6046.75,0,0,46.90,11,0,78,2021-12-28
БПИФбрутто,RU000A0ZZH92,RUB,320,1,19.019,6086.08,0,320,1,19.267,6165.44,0,0,79.36,50,0,370,2021-12-28
25084,RU000A101FA1,RUB,32,1000,98.835,31627.20,808.64,32,1000,98.817,31621.44,813.12,0,-5.76,1,0,33,2023-03-29
RSHEETF,RU000A100HQ5,RUB,81,1,94.21,7631.01,0,81,1,94.21,7631.01,0,0,0.00,0,0,81,2023-03-29
SBSPETF,RU000A1006W1,RUB,5,1,1719,8595.00,0,5,1,1719,8595.00,0,0,0.00,0,0,5,2023-03-29
БПИФбрутто,RU000A0ZZH92,RUB,570,1,13.361,7615.77,0,570,1,13.451,7667.07,0,0,51.30,110,0,680,2023-03-29
МТС-ао,RU0007775219,RUB,0,0.1,257.65,0.00,0,0,0.1,257.75,0.00,0,0,0.00,10,0,10,2023-03-29
Сбербанк,RU0009029540,RUB,10,3,212.73,2127.30,0,10,3,216.83,2168.30,0,0,41.00,0,0,10,2023-03-29
25084,RU000A101FA1,RUB,35,1000,99.283,34749.05,259.35,35,1000,99.289,34751.15,274.4,0,2.10,0,0,35,2023-05-29
RSHEETF,RU000A100HQ5,RUB,81,1,94.21,7631.01,0,81,1,94.21,7631.01,0,0,0.00,0,0,81,2023-05-29
SBSPETF,RU000A1006W1,RUB,5,1,1719,8595.00,0,5,1,1719,8595.00,0,0,0.00,0,0,5,2023-05-29
БПИФбрутто,RU000A0ZZH92,RUB,830,1,14.895,12362.85,0,830,1,15.142,12567.86,0,0,205.01,0,0,830,2023-05-29
ГАЗПРОМао,RU0007661625,RUB,20,5,164.12,3282.40,0,20,5,164.12,3282.40,0,0,0.00,10,0,30,2023-05-29
ЛУКОЙЛ,RU0009024277,RUB,1,0.025,5238.5,5238.50,0,1,0.025,5473.5,5473.50,0,0,235.00,0,0,1,2023-05-29
МТС-ао,RU0007775219,RUB,10,0.1,306.9,3069.00,0,10,0.1,312.85,3128.50,0,0,59.50,0,0,10,2023-05-29
Сбербанк,RU0009029540,RUB,20,3,246.35,4927.00,0,20,3,250.06,5001.20,0,0,74.20,0,0,20,2023-05-29
FXDEETF,IE00BD3QJN10,RUB,100,1,29.71,2971.00,0,100,1,29.635,2963.50,0,0,-7.50,0,0,100,2021-09-29
FXDMETF,IE00BMDKNM37,RUB,52,1,75.57,3929.64,0,52,1,75.55,3928.60,0,0,-1.04,18,0,70,2021-09-29
FXGDETF,IE00B8XB7377,RUB,1,1,849,849.00,0,1,1,850.8,850.80,0,0,1.80,1,0,2,2021-09-29
FXIMETF,IE00BNC2D728,RUB,23,1,93.44,2149.12,0,23,1,92.61,2130.03,0,0,-19.09,0,0,23,2021-09-29
FXRLETF,IE00BQ1Y6480,RUB,1,1,4459,4459.00,0,1,1,4440,4440.00,0,0,-19.00,0,0,1,2021-09-29
FXRUETF,IE00BD5FH213,RUB,3,1,939.9,2819.70,0,3,1,941.8,2825.40,0,0,5.70,0,0,3,2021-09-29
FXRWETF,IE00BK224M36,RUB,800,1,1.2914,1033.12,0,800,1,1.2932,1034.56,0,0,1.44,0,0,800,2021-09-29
FXUSETF,IE00BD3QHZ91,RUB,3,1,5884,17652.00,0,3,1,5851,17553.00,0,0,-99.00,0,0,3,2021-09-29
SBSPETF,RU000A1006W1,RUB,2,1,1701.8,3403.60,0,2,1,1689,3378.00,0,0,-25.60,0,0,2,2021-09-29
VTBEETF,RU000A100HQ5,RUB,50,1,91.04,4552.00,0,50,1,90.18,4509.00,0,0,-43.00,0,0,50,2021-09-29
БПИФбрутто,RU000A0ZZH92,RUB,240,1,20.587,4940.88,0,240,1,20.507,4921.68,0,0,-19.20,0,0,240,2021-09-29
FXDEETF,IE00BD3QJN10,RUB,103,1,29.69,3058.07,0,118,1,29.715,3506.37,0,15,448.30,0,0,118,2021-12-29
FXDMETF,IE00BMDKNM37,RUB,78,1,78.8,6146.40,0,89,1,79.18,7047.02,0,11,900.62,0,0,89,2021-12-29
FXGDETF,IE00B8XB7377,RUB,2,1,897.8,1795.60,0,2,1,891,1782.00,0,0,-13.60,0,0,2,2021-12-29
FXIMETF,IE00BNC2D728,RUB,30,1,103.77,3113.10,0,30,1,104.45,3133.50,0,0,20.40,0,0,30,2021-12-29
FXRLETF,IE00BQ1Y6480,RUB,150,1,41.7,6255.00,0,170,1,41.48,7051.60,0,20,796.60,0,0,170,2021-12-29
FXRUETF,IE00BD5FH213,RUB,3,1,935.1,2805.30,0,3,1,937.9,2813.70,0,0,8.40,0,0,3,2021-12-29
FXRWETF,IE00BK224M36,RUB,900,1,1.3641,1227.69,0,1035,1,1.3655,1413.29,0,135,185.60,0,0,1035,2021-12-29
FXUSETF,IE00BD3QHZ91,RUB,300,1,64.46,19338.00,0,300,1,64.55,19365.00,0,0,27.00,0,0,300,2021-12-29
SBSPETF,RU000A1006W1,RUB,3,1,1873.6,5620.80,0,4,1,1887.4,7549.60,0,1,1928.80,0,0,4,2021-12-29
VTBEETF,RU000A100HQ5,RUB,67,1,90.25,6046.75,0,78,1,90.01,7020.78,0,11,974.03,0,0,78,2021-12-29
БПИФбрутто,RU000A0ZZH92,RUB,320,1,19.267,6165.44,0,370,1,19.184,7098.08,0,50,932.64,0,0,370,2021-12-29
25084,RU000A101FA1,RUB,32,1000,98.817,31621.44,813.12,33,1000,98.829,32613.57,843.48,1,992.13,0,0,33,2023-03-30
RSHEETF,RU000A100HQ5,RUB,81,1,94.21,7631.01,0,81,1,94.21,7631.01,0,0,0.00,0,0,81,2023-03-30
SBSPETF,RU000A1006W1,RUB,5,1,1719,8595.00,0,5,1,1719,8595.00,0,0,0.00,0,0,5,2023-03-30
БПИФбрутто,RU000A0ZZH92,RUB,570,1,13.451,7667.07,0,570,1,13.506,7698.42,0,0,31.35,110,0,680,2023-03-30
МТС-ао,RU0007775219,RUB,0,0.1,257.75,0.00,0,0,0.1,258.5,0.00,0,0,0.00,10,0,10,2023-03-30
Сбербанк,RU0009029540,RUB,10,3,216.83,2168.30,0,10,3,217.31,2173.10,0,0,4.80,0,0,10,2023-03-30
25084,RU000A101FA1,RUB,35,1000,99.289,34751.15,274.4,35,1000,99.262,34741.70,279.65,0,-9.45,0,0,35,2023-05-30
RSHEETF,RU000A100HQ5,RUB,81,1,94.21,7631.01,0,81,1,94.21,7631.01,0,0,0.00,0,0,81,2023-05-30
SBSPETF,RU000A1006W1,RUB,5,1,1719,8595.00,0,5,1,1719,8595.00,0,0,0.00,0,0,5,2023-05-30
БПИФбрутто,RU000A0ZZH92,RUB,830,1,15.142,12567.86,0,830,1,15.193,12610.19,0,0,42.33,0,0,830,2023-05-30
ГАЗПРОМао,RU0007661625,RUB,20,5,164.12,3282.40,0,30,5,163.32,4899.60,0,10,1617.20,0,0,30,2023-05-30
ЛУКОЙЛ,RU0009024277,RUB,1,0.025,5473.5,5473.50,0,1,0.025,5605,5605.00,0,0,131.50,0,0,1,2023-05-30
Магнитао,RU000A0JKQU8,RUB,0,0.01,4090,0.00,0,0,0.01,4222,0.00,0,0,0.00,1,0,1,2023-05-30
МТС-ао,RU0007775219,RUB,10,0.1,312.85,3128.50,0,10,0.1,316.7,3167.00,0,0,38.50,0,0,10,2023-05-30
Сбербанк,RU0009029540,RUB,20,3,250.06,5001.20,0,20,3,247.96,4959.20,0,0,-42.00,0,0,20,2023-05-30
FXDEETF,IE00BD3QJN10,RUB,100,1,29.635,2963.50,0,100,1,29.39,2939.00,0,0,-24.50,0,0,100,2021-09-30
FXDMETF,IE00BMDKNM37,RUB,52,1,75.55,3928.60,0,52,1,75.26,3913.52,0,0,-15.08,18,0,70,2021-09-30
FXGDETF,IE00B8XB7377,RUB,1,1,850.8,850.80,0,1,1,850.4,850.40,0,0,-0.40,1,0,2,2021-09-30
FXIMETF,IE00BNC2D728,RUB,23,1,92.61,2130.03,0,23,1,92.43,2125.89,0,0,-4.14,0,0,23,2021-09-30
FXRLETF,IE00BQ1Y6480,RUB,1,1,4440,4440.00,0,1,1,4451.5,4451.50,0,0,11.50,0,0,1,2021-09-30
FXRUETF,IE00BD5FH213,RUB,3,1,941.8,2825.40,0,3,1,944.5,2833.50,0,0,8.10,0,0,3,2021-09-30
FXRWETF,IE00BK224M36,RUB,800,1,1.2932,1034.56,0,800,1,1.2893,1031.44,0,0,-3.12,0,0,800,2021-09-30
FXUSETF,IE00BD3QHZ91,RUB,3,1,5851,17553.00,0,3,1,5853,17559.00,0,0,6.00,0,0,3,2021-09-30
SBSPETF,RU000A1006W1,RUB,2,1,1689,3378.00,0,2,1,1691,3382.00,0,0,4.00,1,0,3,2021-09-30
VTBEETF,RU000A100HQ5,RUB,50,1,90.18,4509.00,0,50,1,90.56,4528.00,0,0,19.00,0,0,50,2021-09-30
БПИФбрутто,RU000A0ZZH92,RUB,240,1,20.507,4921.68,0,240,1,20.607,4945.68,0,0,24.00,0,0,240,2021-09-30
FXDEETF,IE00BD3QJN10,RUB,118,1,29.715,3506.37,0,118,1,29.95,3534.10,0,0,27.73,0,0,118,2021-12-30
FXDMETF,IE00BMDKNM37,RUB,89,1,79.18,7047.02,0,89,1,80.07,7126.23,0,0,79.21,0,0,89,2021-12-30
FXGDETF,IE00B8XB7377,RUB,2,1,891,1782.00,0,2,1,901,1802.00,0,0,20.00,3,3,2,2021-12-30
FXIMETF,IE00BNC2D728,RUB,30,1,104.45,3133.50,0,30,1,104.64,3139.20,0,0,5.70,0,0,30,2021-12-30
FXRLETF,IE00BQ1Y6480,RUB,170,1,41.48,7051.60,0,170,1,41.625,7076.25,0,0,24.65,0,0,170,2021-12-30
FXRUETF,IE00BD5FH213,RUB,3,1,937.9,2813.70,0,3,1,948.2,2844.60,0,0,30.90,0,0,3,2021-12-30
FXRWETF,IE00BK224M36,RUB,1035,1,1.3655,1413.29,0,1035,1,1.3566,1404.08,0,0,-9.21,0,0,1035,2021-12-30
FXUSETF,IE00BD3QHZ91,RUB,300,1,64.55,19365.00,0,300,1,65.21,19563.00,0,0,198.00,0,0,300,2021-12-30
SBSPETF,RU000A1006W1,RUB,4,1,1887.4,7549.60,0,4,1,1901,7604.00,0,0,54.40,0,0,4,2021-12-30
VTBEETF,RU000A100HQ5,RUB,78,1,90.01,7020.78,0,78,1,90.69,7073.82,0,0,53.04,0,0,78,2021-12-30
БПИФбрутто,RU000A0ZZH92,RUB,370,1,19.184,7098.08,0,370,1,19.281,7133.97,0,0,35.89,0,0,370,2021-12-30
25084,RU000A101FA1,RUB,30,1000,98.63,29589.00,370.2,30,1000,98.71,29613.00,374.7,0,24.00,0,0,30,2022-12-30
RSHEETF,RU000A100HQ5,RUB,81,1,94.21,7631.01,0,81,1,94.21,7631.01,0,0,0.00,0,0,81,2022-12-30
SBSPETF,RU000A1006W1,RUB,5,1,1719,8595.00,0,5,1,1719,8595.00,0,0,0.00,0,0,5,2022-12-30
БПИФбрутто,RU000A0ZZH92,RUB,470,1,11.769,5531.43,0,470,1,11.744,5519.68,0,0,-11.75,0,0,470,2022-12-30
25084,RU000A101FA1,RUB,33,1000,98.829,32613.57,843.48,33,1000,98.834,32615.22,848.1,0,1.65,0,0,33,2023-03-31
RSHEETF,RU000A100HQ5,RUB,81,1,94.21,7631.01,0,81,1,94.21,7631.01,0,0,0.00,0,0,81,2023-03-31
SBSPETF,RU000A1006W1,RUB,5,1,1719,8595.00,0,5,1,1719,8595.00,0,0,0.00,0,0,5,2023-03-31
БПИФбрутто,RU000A0ZZH92,RUB,570,1,13.506,7698.42,0,680,1,13.41,9118.80,0,110,1420.38,0,0,680,2023-03-31
МТС-ао,RU0007775219,RUB,0,0.1,258.5,0.00,0,10,0.1,256.75,2567.50,0,10,2567.50,0,0,10,2023-03-31
Сбербанк,RU0009029540,RUB,10,3,217.31,2173.10,0,10,3,214.09,2140.90,0,0,-32.20,0,0,10,2023-03-31
25084,RU000A101FA1,RUB,35,1000,99.262,34741.70,279.65,35,1000,99.261,34741.35,284.55,0,-0.35,0,0,35,2023-05-31
RSHEETF,RU000A100HQ5,RUB,81,1,94.21,7631.01,0,81,1,94.21,7631.01,0,0,0.00,0,0,81,2023-05-31
SBSPETF,RU000A1006W1,RUB,5,1,1719,8595.00,0,5,1,1719,8595.00,0,0,0.00,0,0,5,2023-05-31
БПИФбрутто,RU000A0ZZH92,RUB,830,1,15.193,12610.19,0,830,1,15.041,12484.03,0,0,-126.16,0,0,830,2023-05-31
ГАЗПРОМао,RU0007661625,RUB,30,5,163.32,4899.60,0,30,5,162.33,4869.90,0,0,-29.70,0,0,30,2023-05-31
ЛУКОЙЛ,RU0009024277,RUB,1,0.025,5605,5605.00,0,1,0.025,5553.5,5553.50,0,0,-51.50,0,0,1,2023-05-31
Магнитао,RU000A0JKQU8,RUB,0,0.01,4222,0.00,0,0,0.01,4164,0.00,0,0,0.00,1,0,1,2023-05-31
МТС-ао,RU0007775219,RUB,10,0.1,316.7,3167.00,0,10,0.1,315.7,3157.00,0,0,-10.00,0,0,10,2023-05-31
Сбербанк,RU0009029540,RUB,20,3,247.96,4959.20,0,20,3,243.94,4878.80,0,0,-80.40,0,0,20,2023-05-31
